[Feed Decoder] 🚀 Starting Ultra-Low Latency Feed Decoder...
[SocketReader] 🟢 PRIMARY: Connecting to UDP Multicast Feed on 233.1.2.4:[SocketReader] 🟢 PRIMARY: Connecting to UDP Multicast Feed on 233.1.2.5:343302004 (NIC: 0.0.0.0) (NIC: 
0.0.0.0)[SocketReader] 🟡 FALLBACK: Connecting to Go XTS ZeroMQ Publisher on tcp://127.0.0.1:5555

[SocketReader] 🟡 FALLBACK: Connecting to Go XTS ZeroMQ Publisher on tcp://127.0.0.1:5555
[Feed Decoder] 📡 Option Chain ZMQ Publisher bound on tcp://*:5556
[Feed Decoder] 📂 Base dir detected: /home/ubuntu/Desktop/api_gs/trading-platform
[Feed Decoder] 📘 Loading /home/ubuntu/Desktop/api_gs/trading-platform/IndexTokens.csv
[SocketReader] 🟢 SUCCESS: First UDP Multicast packet received! (512 bytes)
[Normalizer] ✅ File: /home/ubuntu/Desktop/api_gs/trading-platform/IndexTokens.csv | Parsed: 6370 | Loaded: 6370 | Skipped: 5203
[Feed Decoder] 📙 Loading /home/ubuntu/Desktop/api_gs/trading-platform/BSEIndexTokens.csv
[Normalizer] ✅ File: /home/ubuntu/Desktop/api_gs/trading-platform/BSEIndexTokens.csv | Parsed: 3092 | Loaded: 3092 | Skipped: 2650
[Feed Decoder] ✅ Contracts loaded successfully
[Feed Decoder] 🔗 Seeded 160 strikes for BANKEX|27-AUG-2026
[Feed Decoder] 🔗 Seeded 170 strikes for BANKEX|30-JUL-2026
[Feed Decoder] 🔗 Seeded 348 strikes for BANKNIFTY|25-AUG-26
[Feed Decoder] 🔗 Seeded 357 strikes for BANKNIFTY|28-JUL-26
[Feed Decoder] 🔗 Seeded 38 strikes for BANKNIFTY|29-DEC-26
[Feed Decoder] 🔗 Seeded 38 strikes for BANKNIFTY|29-SEP-26
[Feed Decoder] 🔗 Seeded 35 strikes for BANKNIFTY|30-MAR-27
[Feed Decoder] 🔗 Seeded 145 strikes for FINNIFTY|25-AUG-26
[Feed Decoder] 🔗 Seeded 150 strikes for FINNIFTY|28-JUL-26
[Feed Decoder] 🔗 Seeded 76 strikes for FOCIT|27-AUG-2026
[Feed Decoder] 🔗 Seeded 79 strikes for FOCIT|30-JUL-2026
[Feed Decoder] 🔗 Seeded 260 strikes for MIDCPNIFTY|25-AUG-26
[Feed Decoder] 🔗 Seeded 262 strikes for MIDCPNIFTY|28-JUL-26
[Feed Decoder] 🔗 Seeded 348 strikes for NIFTYNXT50|25-AUG-26
[Feed Decoder] 🔗 Seeded 348 strikes for NIFTYNXT50|28-JUL-26
[Feed Decoder] 🔗 Seeded 1 strikes for NIFTYNXT50|UG-A-26
[Feed Decoder] 🔗 Seeded 1 strikes for NIFTYNXT50|UL-J-26
[Feed Decoder] 🔗 Seeded 1 strikes for NIFTYNXT50|UN-J-26
[Feed Decoder] 🔗 Seeded 36 strikes for NIFTY|24-DEC-29
[Feed Decoder] 🔗 Seeded 227 strikes for NIFTY|25-AUG-26
[Feed Decoder] 🔗 Seeded 33 strikes for NIFTY|25-JUN-30
[Feed Decoder] 🔗 Seeded 39 strikes for NIFTY|26-DEC-28
[Feed Decoder] 🔗 Seeded 34 strikes for NIFTY|26-JUN-29
[Feed Decoder] 🔗 Seeded 34 strikes for NIFTY|27-JUN-28
[Feed Decoder] 🔗 Seeded 40 strikes for NIFTY|28-DEC-27
[Feed Decoder] 🔗 Seeded 236 strikes for NIFTY|28-JUL-26
[Feed Decoder] 🔗 Seeded 46 strikes for NIFTY|29-DEC-26
[Feed Decoder] 🔗 Seeded 34 strikes for NIFTY|29-JUN-27
[Feed Decoder] 🔗 Seeded 36 strikes for NIFTY|29-SEP-26
[Feed Decoder] 🔗 Seeded 31 strikes for NIFTY|30-MAR-27
[Feed Decoder] 🔗 Seeded 33 strikes for NIFTY|31-DEC-30
[Feed Decoder] 🔗 Seeded 57 strikes for SENSEX50|27-AUG-2026
[Feed Decoder] 🔗 Seeded 66 strikes for SENSEX50|30-JUL-2026
[Feed Decoder] 🔗 Seeded 165 strikes for SENSEX|16-JUL-2026
[Feed Decoder] 🔗 Seeded 150 strikes for SENSEX|23-JUL-2026
[Feed Decoder] 🔗 Seeded 25 strikes for SENSEX|24-JUN-2027
[Feed Decoder] 🔗 Seeded 25 strikes for SENSEX|24-SEP-2026
[Feed Decoder] 🔗 Seeded 18 strikes for SENSEX|25-MAR-2027
[Feed Decoder] 🔗 Seeded 25 strikes for SENSEX|26-DEC-2030
[Feed Decoder] 🔗 Seeded 165 strikes for SENSEX|27-AUG-2026
[Feed Decoder] 🔗 Seeded 25 strikes for SENSEX|27-DEC-2029
[Feed Decoder] 🔗 Seeded 25 strikes for SENSEX|27-JUN-2030
[Feed Decoder] 🔗 Seeded 25 strikes for SENSEX|28-DEC-2028
[Feed Decoder] 🔗 Seeded 25 strikes for SENSEX|28-JUN-2029
[Feed Decoder] 🔗 Seeded 25 strikes for SENSEX|29-JUN-2028
[Feed Decoder] 🔗 Seeded 25 strikes for SENSEX|30-DEC-2027
[Feed Decoder] 🔗 Seeded 186 strikes for SENSEX|30-JUL-2026
[Feed Decoder] 🔗 Seeded 25 strikes for SENSEX|31-DEC-2026
[Feed Decoder] 📡 Listening and processing packets...
[Decoder] 📡 UDP TICK | MIDCPNIFTYPE15500 | LTP: ₹684.2
[Decoder] 📡 UDP TICK | NIFTYPE23650 | LTP: ₹66.8
[Decoder] 📡 UDP TICK | NIFTYPE24550 | LTP: ₹503.6
[Decoder] 📡 BSE TICK | SENSEXCE77500 | LTP: ₹677.25
[Decoder] 📡 UDP TICK | BANKNIFTYCE56600 | LTP: ₹1960
[Feed Decoder] 📤 Published Chain | Symbol: NIFTY | Expiry: 28-JUL-26 | synthetic_future: ₹24100.8 | actual_atm: 24100 | strikes: 236
[Feed Decoder] 📤 Published Chain | Symbol: BANKNIFTY | Expiry: 28-JUL-26 | synthetic_future: ₹57742.2 | actual_atm: 57700 | strikes: 357
[Feed Decoder] 📤 Published Chain | Symbol: FINNIFTY | Expiry: 28-JUL-26 | synthetic_future: ₹26648.2 | actual_atm: 26600 | strikes: 150
[Feed Decoder] 📤 Published Chain | Symbol: MIDCPNIFTY | Expiry: 28-JUL-26 | synthetic_future: ₹14761.2 | actual_atm: 14750 | strikes: 262
[Feed Decoder] 📤 Published Chain | Symbol: SENSEX | Expiry: 16-JUL-2026 | synthetic_future: ₹77283 | actual_atm: 77300 | strikes: 165
[Feed Decoder] 📤 Published Chain | Symbol: BANKEX | Expiry: 30-JUL-2026 | synthetic_future: ₹65355.1 | actual_atm: 65400 | strikes: 170
[Decoder] 📡 UDP TICK | MIDCPNIFTYCE14000 | LTP: ₹760
[Decoder] 📡 UDP TICK | NIFTYPE24000 | LTP: ₹165
[Decoder] 📡 BSE TICK | FOCITPE34500 | LTP: ₹489.15
[Decoder] 📡 UDP TICK | NIFTYPE22800 | LTP: ₹58.25
[Decoder] 📡 UDP TICK | BANKNIFTYCE57600 | LTP: ₹1354
[Feed Decoder] 📤 Published Chain | Symbol: NIFTY | Expiry: 28-JUL-26 | synthetic_future: ₹24100.8 | actual_atm: 24100 | strikes: 236
[Feed Decoder] 📤 Published Chain | Symbol: BANKNIFTY | Expiry: 28-JUL-26 | synthetic_future: ₹57744.7 | actual_atm: 57700 | strikes: 357
[Feed Decoder] 📤 Published Chain | Symbol: FINNIFTY | Expiry: 28-JUL-26 | synthetic_future: ₹26643.5 | actual_atm: 26600 | strikes: 150
[Feed Decoder] 📤 Published Chain | Symbol: MIDCPNIFTY | Expiry: 28-JUL-26 | synthetic_future: ₹14761.3 | actual_atm: 14750 | strikes: 262
[Feed Decoder] 📤 Published Chain | Symbol: SENSEX | Expiry: 16-JUL-2026 | synthetic_future: ₹77282.6 | actual_atm: 77300 | strikes: 165
[Feed Decoder] 📤 Published Chain | Symbol: BANKEX | Expiry: 30-JUL-2026 | synthetic_future: ₹65355.1 | actual_atm: 65400 | strikes: 170
[Decoder] 📡 UDP TICK | BANKNIFTYCE56500 | LTP: ₹2074
[Decoder] 📡 BSE TICK | SENSEXPE77400 | LTP: ₹595.15
[Decoder] 📡 UDP TICK | NIFTYPE22900 | LTP: ₹67.5
[Decoder] 📡 UDP TICK | MIDCPNIFTYCE14825 | LTP: ₹126.15
[Feed Decoder] 📤 Published Chain | Symbol: NIFTY | Expiry: 28-JUL-26 | synthetic_future: ₹24100.2 | actual_atm: 24100 | strikes: 236
[Feed Decoder] 📤 Published Chain | Symbol: BANKNIFTY | Expiry: 28-JUL-26 | synthetic_future: ₹57744.7 | actual_atm: 57700 | strikes: 357
[Feed Decoder] 📤 Published Chain | Symbol: FINNIFTY | Expiry: 28-JUL-26 | synthetic_future: ₹26643.5 | actual_atm: 26600 | strikes: 150
[Feed Decoder] 📤 Published Chain | Symbol: MIDCPNIFTY | Expiry: 28-JUL-26 | synthetic_future: ₹14760.4 | actual_atm: 14750 | strikes: 262
[Feed Decoder] 📤 Published Chain | Symbol: SENSEX | Expiry: 16-JUL-2026 | synthetic_future: ₹77279.1 | actual_atm: 77300 | strikes: 165
[Feed Decoder] 📤 Published Chain | Symbol: BANKEX | Expiry: 30-JUL-2026 | synthetic_future: ₹65355.1 | actual_atm: 65400 | strikes: 170
[Decoder] 📡 UDP TICK | BANKNIFTYCE57500 | LTP: ₹789.05
[Decoder] 📡 BSE TICK | SENSEXCE76100 | LTP: ₹1180
[Decoder] 📡 UDP TICK | NIFTYPE22600 | LTP: ₹45.25
[Decoder] 📡 UDP TICK | NIFTYFUT | LTP: ₹24105.6
[Decoder] 📡 UDP TICK | NIFTYCE22000 | LTP: ₹2204.7
[Feed Decoder] 📤 Published Chain | Symbol: NIFTY | Expiry: 28-JUL-26 | synthetic_future: ₹24100.2 | actual_atm: 24100 | strikes: 236
[Feed Decoder] 📤 Published Chain | Symbol: BANKNIFTY | Expiry: 28-JUL-26 | synthetic_future: ₹57742.8 | actual_atm: 57700 | strikes: 357
[Feed Decoder] 📤 Published Chain | Symbol: FINNIFTY | Expiry: 28-JUL-26 | synthetic_future: ₹26643.5 | actual_atm: 26600 | strikes: 150
[Feed Decoder] 📤 Published Chain | Symbol: MIDCPNIFTY | Expiry: 28-JUL-26 | synthetic_future: ₹14761.2 | actual_atm: 14750 | strikes: 262
[Feed Decoder] 📤 Published Chain | Symbol: SENSEX | Expiry: 16-JUL-2026 | synthetic_future: ₹77279.1 | actual_atm: 77300 | strikes: 165
[Feed Decoder] 📤 Published Chain | Symbol: BANKEX | Expiry: 30-JUL-2026 | synthetic_future: ₹65355.1 | actual_atm: 65400 | strikes: 170
[Decoder] 📡 BSE TICK | SENSEXCE81000 | LTP: ₹0.3
[Decoder] 📡 UDP TICK | NIFTYPE26200 | LTP: ₹1950
[Decoder] 📡 UDP TICK | MIDCPNIFTYCE12375 | LTP: ₹0
[Decoder] 📡 UDP TICK | MIDCPNIFTYPE14375 | LTP: ₹46.7
[Decoder] 📡 UDP TICK | BANKNIFTYPE54000 | LTP: ₹557.55
[Feed Decoder] 📤 Published Chain | Symbol: NIFTY | Expiry: 28-JUL-26 | synthetic_future: ₹24101 | actual_atm: 24100 | strikes: 236
[Feed Decoder] 📤 Published Chain | Symbol: BANKNIFTY | Expiry: 28-JUL-26 | synthetic_future: ₹57746.4 | actual_atm: 57700 | strikes: 357
[Feed Decoder] 📤 Published Chain | Symbol: FINNIFTY | Expiry: 28-JUL-26 | synthetic_future: ₹26643.5 | actual_atm: 26600 | strikes: 150
[Feed Decoder] 📤 Published Chain | Symbol: MIDCPNIFTY | Expiry: 28-JUL-26 | synthetic_future: ₹14760.2 | actual_atm: 14750 | strikes: 262
[Feed Decoder] 📤 Published Chain | Symbol: SENSEX | Expiry: 16-JUL-2026 | synthetic_future: ₹77281.1 | actual_atm: 77300 | strikes: 165
[Feed Decoder] 📤 Published Chain | Symbol: BANKEX | Expiry: 30-JUL-2026 | synthetic_future: ₹65355.1 | actual_atm: 65400 | strikes: 170
[Decoder] 📡 BSE TICK | SENSEXCE78200 | LTP: ₹379.55
[Decoder] 📡 UDP TICK | NIFTYCE25150 | LTP: ₹74.75
[Decoder] 📡 UDP TICK | BANKNIFTYPE59400 | LTP: ₹1861.7
[Decoder] 📡 UDP TICK | MIDCPNIFTYCE15050 | LTP: ₹214.5
[Decoder] 📡 BSE TICK | SENSEXPE77000 | LTP: ₹620.65
[Feed Decoder] 📤 Published Chain | Symbol: NIFTY | Expiry: 28-JUL-26 | synthetic_future: ₹24100.6 | actual_atm: 24100 | strikes: 236
[Feed Decoder] 📤 Published Chain | Symbol: BANKNIFTY | Expiry: 28-JUL-26 | synthetic_future: ₹57749.9 | actual_atm: 57700 | strikes: 357
[Feed Decoder] 📤 Published Chain | Symbol: FINNIFTY | Expiry: 28-JUL-26 | synthetic_future: ₹26643.5 | actual_atm: 26600 | strikes: 150
[Feed Decoder] 📤 Published Chain | Symbol: MIDCPNIFTY | Expiry: 28-JUL-26 | synthetic_future: ₹14761.6 | actual_atm: 14750 | strikes: 262
[Feed Decoder] 📤 Published Chain | Symbol: SENSEX | Expiry: 16-JUL-2026 | synthetic_future: ₹77283.3 | actual_atm: 77300 | strikes: 165
[Feed Decoder] 📤 Published Chain | Symbol: BANKEX | Expiry: 30-JUL-2026 | synthetic_future: ₹65355.1 | actual_atm: 65400 | strikes: 170
[Decoder] 📡 UDP TICK | BANKNIFTYPE58400 | LTP: ₹999.85
[Decoder] 📡 UDP TICK | NIFTYCE24800 | LTP: ₹19.4
[Decoder] 📡 UDP TICK | NIFTYNXT50CE68100 | LTP: ₹0
[BSE] ❌ Unknown token: 0
[Decoder] 📡 BSE TICK | SENSEXPE77500 | LTP: ₹227.65
[Decoder] 📡 UDP TICK | BANKNIFTYCE58600 | LTP: ₹845
[Feed Decoder] 📤 Published Chain | Symbol: NIFTY | Expiry: 28-JUL-26 | synthetic_future: ₹24101.2 | actual_atm: 24100 | strikes: 236
[Feed Decoder] 📤 Published Chain | Symbol: BANKNIFTY | Expiry: 28-JUL-26 | synthetic_future: ₹57749.9 | actual_atm: 57700 | strikes: 357
[Feed Decoder] 📤 Published Chain | Symbol: FINNIFTY | Expiry: 28-JUL-26 | synthetic_future: ₹26643.5 | actual_atm: 26600 | strikes: 150
[Feed Decoder] 📤 Published Chain | Symbol: MIDCPNIFTY | Expiry: 28-JUL-26 | synthetic_future: ₹14761 | actual_atm: 14750 | strikes: 262
[Feed Decoder] 📤 Published Chain | Symbol: SENSEX | Expiry: 16-JUL-2026 | synthetic_future: ₹77281.6 | actual_atm: 77300 | strikes: 165
[Feed Decoder] 📤 Published Chain | Symbol: BANKEX | Expiry: 30-JUL-2026 | synthetic_future: ₹65355.1 | actual_atm: 65400 | strikes: 170
[Decoder] 📡 UDP TICK | NIFTYPE23550 | LTP: ₹171.65
[Decoder] 📡 UDP TICK | FINNIFTYCE27500 | LTP: ₹44.6
[Decoder] 📡 BSE TICK | SENSEXPE77300 | LTP: ₹548
[Decoder] 📡 UDP TICK | MIDCPNIFTYPE14725 | LTP: ₹139.7
[Feed Decoder] 📤 Published Chain | Symbol: NIFTY | Expiry: 28-JUL-26 | synthetic_future: ₹24101.8 | actual_atm: 24100 | strikes: 236
[Feed Decoder] 📤 Published Chain | Symbol: BANKNIFTY | Expiry: 28-JUL-26 | synthetic_future: ₹57749.9 | actual_atm: 57700 | strikes: 357
[Feed Decoder] 📤 Published Chain | Symbol: FINNIFTY | Expiry: 28-JUL-26 | synthetic_future: ₹26643.5 | actual_atm: 26600 | strikes: 150
[Feed Decoder] 📤 Published Chain | Symbol: MIDCPNIFTY | Expiry: 28-JUL-26 | synthetic_future: ₹14761.6 | actual_atm: 14750 | strikes: 262
[Feed Decoder] 📤 Published Chain | Symbol: SENSEX | Expiry: 16-JUL-2026 | synthetic_future: ₹77282.4 | actual_atm: 77300 | strikes: 165
[Feed Decoder] 📤 Published Chain | Symbol: BANKEX | Expiry: 30-JUL-2026 | synthetic_future: ₹65355.1 | actual_atm: 65400 | strikes: 170
[Decoder] 📡 UDP TICK | NIFTYCE22700 | LTP: ₹1465.25
[Decoder] 📡 UDP TICK | MIDCPNIFTYCE14975 | LTP: ₹69
[Decoder] 📡 BSE TICK | SENSEXPE78500 | LTP: ₹1215.9
[Decoder] 📡 UDP TICK | NIFTYCE24950 | LTP: ₹113
[Decoder] 📡 UDP TICK | NIFTYPE25150 | LTP: ₹917.6
[Feed Decoder] 📤 Published Chain | Symbol: NIFTY | Expiry: 28-JUL-26 | synthetic_future: ₹24101.9 | actual_atm: 24100 | strikes: 236
[Feed Decoder] 📤 Published Chain | Symbol: BANKNIFTY | Expiry: 28-JUL-26 | synthetic_future: ₹57751.2 | actual_atm: 57800 | strikes: 357
[Feed Decoder] 📤 Published Chain | Symbol: FINNIFTY | Expiry: 28-JUL-26 | synthetic_future: ₹26643.5 | actual_atm: 26600 | strikes: 150
[Feed Decoder] 📤 Published Chain | Symbol: MIDCPNIFTY | Expiry: 28-JUL-26 | synthetic_future: ₹14761.6 | actual_atm: 14750 | strikes: 262
[Feed Decoder] 📤 Published Chain | Symbol: SENSEX | Expiry: 16-JUL-2026 | synthetic_future: ₹77283.9 | actual_atm: 77300 | strikes: 165
[Feed Decoder] 📤 Published Chain | Symbol: BANKEX | Expiry: 30-JUL-2026 | synthetic_future: ₹65355.1 | actual_atm: 65400 | strikes: 170
[Decoder] 📡 UDP TICK | BANKNIFTYPE48800 | LTP: ₹4.5
[Decoder] 📡 BSE TICK | SENSEXPE77300 | LTP: ₹67.8
[Decoder] 📡 UDP TICK | MIDCPNIFTYFUT | LTP: ₹14808.6
[Decoder] 📡 UDP TICK | NIFTYCE23200 | LTP: ₹916.95
[Feed Decoder] 📤 Published Chain | Symbol: NIFTY | Expiry: 28-JUL-26 | synthetic_future: ₹24101.9 | actual_atm: 24100 | strikes: 236
[Feed Decoder] 📤 Published Chain | Symbol: BANKNIFTY | Expiry: 28-JUL-26 | synthetic_future: ₹57751.6 | actual_atm: 57800 | strikes: 357
[Feed Decoder] 📤 Published Chain | Symbol: FINNIFTY | Expiry: 28-JUL-26 | synthetic_future: ₹26643.5 | actual_atm: 26600 | strikes: 150
[Feed Decoder] 📤 Published Chain | Symbol: MIDCPNIFTY | Expiry: 28-JUL-26 | synthetic_future: ₹14761 | actual_atm: 14750 | strikes: 262
[Feed Decoder] 📤 Published Chain | Symbol: SENSEX | Expiry: 16-JUL-2026 | synthetic_future: ₹77286 | actual_atm: 77300 | strikes: 165
[Feed Decoder] 📤 Published Chain | Symbol: BANKEX | Expiry: 30-JUL-2026 | synthetic_future: ₹65355.1 | actual_atm: 65400 | strikes: 170
[Decoder] 📡 UDP TICK | FINNIFTYPE26900 | LTP: ₹440.8
[Decoder] 📡 BSE TICK | SENSEXCE73500 | LTP: ₹0
[Decoder] 📡 UDP TICK | NIFTYPE21350 | LTP: ₹3.1
[Decoder] 📡 UDP TICK | MIDCPNIFTYCE14675 | LTP: ₹205.2
[Decoder] 📡 UDP TICK | BANKNIFTYCE63000 | LTP: ₹177
[Feed Decoder] 📤 Published Chain | Symbol: NIFTY | Expiry: 28-JUL-26 | synthetic_future: ₹24102.7 | actual_atm: 24100 | strikes: 236
[Feed Decoder] 📤 Published Chain | Symbol: BANKNIFTY | Expiry: 28-JUL-26 | synthetic_future: ₹57752.7 | actual_atm: 57800 | strikes: 357
[Feed Decoder] 📤 Published Chain | Symbol: FINNIFTY | Expiry: 28-JUL-26 | synthetic_future: ₹26643.5 | actual_atm: 26600 | strikes: 150
[Feed Decoder] 📤 Published Chain | Symbol: MIDCPNIFTY | Expiry: 28-JUL-26 | synthetic_future: ₹14761.5 | actual_atm: 14750 | strikes: 262
[Feed Decoder] 📤 Published Chain | Symbol: SENSEX | Expiry: 16-JUL-2026 | synthetic_future: ₹77288.9 | actual_atm: 77300 | strikes: 165
[Feed Decoder] 📤 Published Chain | Symbol: BANKEX | Expiry: 30-JUL-2026 | synthetic_future: ₹65355.1 | actual_atm: 65400 | strikes: 170
[Decoder] 📡 UDP TICK | MIDCPNIFTYCE14725 | LTP: ₹178.3
[Decoder] 📡 BSE TICK | SENSEXCE76600 | LTP: ₹1190
[Decoder] 📡 UDP TICK | NIFTYCE21450 | LTP: ₹0
[Decoder] 📡 UDP TICK | NIFTYNXT50CE69000 | LTP: ₹0
[Feed Decoder] 📤 Published Chain | Symbol: NIFTY | Expiry: 28-JUL-26 | synthetic_future: ₹24102.7 | actual_atm: 24100 | strikes: 236
[Feed Decoder] 📤 Published Chain | Symbol: BANKNIFTY | Expiry: 28-JUL-26 | synthetic_future: ₹57752.9 | actual_atm: 57800 | strikes: 357
[Feed Decoder] 📤 Published Chain | Symbol: FINNIFTY | Expiry: 28-JUL-26 | synthetic_future: ₹26643.5 | actual_atm: 26600 | strikes: 150
[Feed Decoder] 📤 Published Chain | Symbol: MIDCPNIFTY | Expiry: 28-JUL-26 | synthetic_future: ₹14761.6 | actual_atm: 14750 | strikes: 262
[Feed Decoder] 📤 Published Chain | Symbol: SENSEX | Expiry: 16-JUL-2026 | synthetic_future: ₹77289.1 | actual_atm: 77300 | strikes: 165
[Feed Decoder] 📤 Published Chain | Symbol: BANKEX | Expiry: 30-JUL-2026 | synthetic_future: ₹65355.1 | actual_atm: 65400 | strikes: 170
[Decoder] 📡 UDP TICK | BANKNIFTYCE54000 | LTP: ₹4130
[Decoder] 📡 BSE TICK | SENSEXPE74600 | LTP: ₹0
[Decoder] 📡 UDP TICK | FINNIFTYPE26200 | LTP: ₹146.55
[Decoder] 📡 UDP TICK | BANKNIFTYCE50000 | LTP: ₹7881.45
[Decoder] 📡 UDP TICK | BANKNIFTYPE54500 | LTP: ₹43.85
[Decoder] 📡 BSE TICK | SENSEXCE70000 | LTP: ₹7480
[Feed Decoder] 📤 Published Chain | Symbol: NIFTY | Expiry: 28-JUL-26 | synthetic_future: ₹24102.8 | actual_atm: 24100 | strikes: 236
[Feed Decoder] 📤 Published Chain | Symbol: BANKNIFTY | Expiry: 28-JUL-26 | synthetic_future: ₹57749.6 | actual_atm: 57700 | strikes: 357
[Feed Decoder] 📤 Published Chain | Symbol: FINNIFTY | Expiry: 28-JUL-26 | synthetic_future: ₹26643.5 | actual_atm: 26600 | strikes: 150
[Feed Decoder] 📤 Published Chain | Symbol: MIDCPNIFTY | Expiry: 28-JUL-26 | synthetic_future: ₹14762.7 | actual_atm: 14775 | strikes: 262
[Feed Decoder] 📤 Published Chain | Symbol: SENSEX | Expiry: 16-JUL-2026 | synthetic_future: ₹77286.4 | actual_atm: 77300 | strikes: 165
[Feed Decoder] 📤 Published Chain | Symbol: BANKEX | Expiry: 30-JUL-2026 | synthetic_future: ₹65355.1 | actual_atm: 65400 | strikes: 170
[Decoder] 📡 UDP TICK | BANKNIFTYPE55400 | LTP: ₹90.65
[Decoder] 📡 UDP TICK | BANKNIFTYCE52100 | LTP: ₹0
[Decoder] 📡 UDP TICK | BANKNIFTYPE54800 | LTP: ₹258.8
[Decoder] 📡 BSE TICK | SENSEXCE80800 | LTP: ₹10.2
[BSE] ❌ Unknown token: 837142
[Decoder] 📡 UDP TICK | NIFTYCE25100 | LTP: ₹6.8
[Feed Decoder] 📤 Published Chain | Symbol: NIFTY | Expiry: 28-JUL-26 | synthetic_future: ₹24102 | actual_atm: 24100 | strikes: 236
[Feed Decoder] 📤 Published Chain | Symbol: BANKNIFTY | Expiry: 28-JUL-26 | synthetic_future: ₹57749.6 | actual_atm: 57700 | strikes: 357
[Feed Decoder] 📤 Published Chain | Symbol: FINNIFTY | Expiry: 28-JUL-26 | synthetic_future: ₹26643.5 | actual_atm: 26600 | strikes: 150
[Feed Decoder] 📤 Published Chain | Symbol: MIDCPNIFTY | Expiry: 28-JUL-26 | synthetic_future: ₹14762.7 | actual_atm: 14775 | strikes: 262
[Feed Decoder] 📤 Published Chain | Symbol: SENSEX | Expiry: 16-JUL-2026 | synthetic_future: ₹77286.6 | actual_atm: 77300 | strikes: 165
[Feed Decoder] 📤 Published Chain | Symbol: BANKEX | Expiry: 30-JUL-2026 | synthetic_future: ₹65355.1 | actual_atm: 65400 | strikes: 170
[Decoder] 📡 UDP TICK | FINNIFTYPE26700 | LTP: ₹341.45
[Decoder] 📡 UDP TICK | BANKNIFTYPE52300 | LTP: ₹69.75
[Decoder] 📡 BSE TICK | SENSEXCE78700 | LTP: ₹0
[Decoder] 📡 UDP TICK | BANKNIFTYPE58700 | LTP: ₹1218.05
[Feed Decoder] 📤 Published Chain | Symbol: NIFTY | Expiry: 28-JUL-26 | synthetic_future: ₹24102.2 | actual_atm: 24100 | strikes: 236
[Feed Decoder] 📤 Published Chain | Symbol: BANKNIFTY | Expiry: 28-JUL-26 | synthetic_future: ₹57741.8 | actual_atm: 57700 | strikes: 357
[Feed Decoder] 📤 Published Chain | Symbol: FINNIFTY | Expiry: 28-JUL-26 | synthetic_future: ₹26643.5 | actual_atm: 26600 | strikes: 150
[Feed Decoder] 📤 Published Chain | Symbol: MIDCPNIFTY | Expiry: 28-JUL-26 | synthetic_future: ₹14762.7 | actual_atm: 14775 | strikes: 262
[Feed Decoder] 📤 Published Chain | Symbol: SENSEX | Expiry: 16-JUL-2026 | synthetic_future: ₹77287.4 | actual_atm: 77300 | strikes: 165
[Feed Decoder] 📤 Published Chain | Symbol: BANKEX | Expiry: 30-JUL-2026 | synthetic_future: ₹65355.1 | actual_atm: 65400 | strikes: 170
[Decoder] 📡 UDP TICK | BANKNIFTYPE63700 | LTP: ₹0
[Decoder] 📡 UDP TICK | BANKNIFTYCE53200 | LTP: ₹4698
[Decoder] 📡 UDP TICK | BANKNIFTYPE58400 | LTP: ₹999.85
[Decoder] 📡 BSE TICK | SENSEXPE76300 | LTP: ₹208.35
[Feed Decoder] 📤 Published Chain | Symbol: NIFTY | Expiry: 28-JUL-26 | synthetic_future: ₹24102.2 | actual_atm: 24100 | strikes: 236
[Feed Decoder] 📤 Published Chain | Symbol: BANKNIFTY | Expiry: 28-JUL-26 | synthetic_future: ₹57749 | actual_atm: 57700 | strikes: 357
[Feed Decoder] 📤 Published Chain | Symbol: FINNIFTY | Expiry: 28-JUL-26 | synthetic_future: ₹26643.5 | actual_atm: 26600 | strikes: 150
[Feed Decoder] 📤 Published Chain | Symbol: MIDCPNIFTY | Expiry: 28-JUL-26 | synthetic_future: ₹14762.7 | actual_atm: 14775 | strikes: 262
[Feed Decoder] 📤 Published Chain | Symbol: SENSEX | Expiry: 16-JUL-2026 | synthetic_future: ₹77286.1 | actual_atm: 77300 | strikes: 165
[Feed Decoder] 📤 Published Chain | Symbol: BANKEX | Expiry: 30-JUL-2026 | synthetic_future: ₹65355.1 | actual_atm: 65400 | strikes: 170
[Decoder] 📡 UDP TICK | FINNIFTYPE28200 | LTP: ₹0
[Decoder] 📡 UDP TICK | NIFTYCE24850 | LTP: ₹15.95
[Decoder] 📡 UDP TICK | MIDCPNIFTYPE14575 | LTP: ₹91.65
[Decoder] 📡 BSE TICK | SENSEXPE78900 | LTP: ₹1537.3
[Decoder] 📡 UDP TICK | BANKNIFTYPE55400 | LTP: ₹90.65
[Feed Decoder] 📤 Published Chain | Symbol: NIFTY | Expiry: 28-JUL-26 | synthetic_future: ₹24102 | actual_atm: 24100 | strikes: 236
[Feed Decoder] 📤 Published Chain | Symbol: BANKNIFTY | Expiry: 28-JUL-26 | synthetic_future: ₹57741.8 | actual_atm: 57700 | strikes: 357
[Feed Decoder] 📤 Published Chain | Symbol: FINNIFTY | Expiry: 28-JUL-26 | synthetic_future: ₹26643.5 | actual_atm: 26600 | strikes: 150
[Feed Decoder] 📤 Published Chain | Symbol: MIDCPNIFTY | Expiry: 28-JUL-26 | synthetic_future: ₹14762.7 | actual_atm: 14775 | strikes: 262
[Feed Decoder] 📤 Published Chain | Symbol: SENSEX | Expiry: 16-JUL-2026 | synthetic_future: ₹77284.9 | actual_atm: 77300 | strikes: 165
[Feed Decoder] 📤 Published Chain | Symbol: BANKEX | Expiry: 30-JUL-2026 | synthetic_future: ₹65355.1 | actual_atm: 65400 | strikes: 170
[Decoder] 📡 UDP TICK | BANKNIFTYCE64000 | LTP: ₹4.1
[Decoder] 📡 UDP TICK | BANKNIFTYCE62500 | LTP: ₹61.7
[Decoder] 📡 BSE TICK | SENSEXCE76400 | LTP: ₹0
[Decoder] 📡 UDP TICK | NIFTYCE24100 | LTP: ₹450
[Decoder] 📡 UDP TICK | NIFTYPE21200 | LTP: ₹2.95
[Feed Decoder] 📤 Published Chain | Symbol: NIFTY | Expiry: 28-JUL-26 | synthetic_future: ₹24101.8 | actual_atm: 24100 | strikes: 236
[Feed Decoder] 📤 Published Chain | Symbol: BANKNIFTY | Expiry: 28-JUL-26 | synthetic_future: ₹57745.1 | actual_atm: 57700 | strikes: 357
[Feed Decoder] 📤 Published Chain | Symbol: FINNIFTY | Expiry: 28-JUL-26 | synthetic_future: ₹26643.5 | actual_atm: 26600 | strikes: 150
[Feed Decoder] 📤 Published Chain | Symbol: MIDCPNIFTY | Expiry: 28-JUL-26 | synthetic_future: ₹14764 | actual_atm: 14775 | strikes: 262
[Feed Decoder] 📤 Published Chain | Symbol: SENSEX | Expiry: 16-JUL-2026 | synthetic_future: ₹77284.1 | actual_atm: 77300 | strikes: 165
[Feed Decoder] 📤 Published Chain | Symbol: BANKEX | Expiry: 30-JUL-2026 | synthetic_future: ₹65355.1 | actual_atm: 65400 | strikes: 170
[Decoder] 📡 UDP TICK | NIFTYCE23250 | LTP: ₹1020.25
[Decoder] 📡 BSE TICK | SENSEXPE75000 | LTP: ₹148
[Decoder] 📡 UDP TICK | MIDCPNIFTYCE14325 | LTP: ₹410.9
[Decoder] 📡 UDP TICK | NIFTYCE24000 | LTP: ₹507.8
[Feed Decoder] 📤 Published Chain | Symbol: NIFTY | Expiry: 28-JUL-26 | synthetic_future: ₹24101.8 | actual_atm: 24100 | strikes: 236
[Feed Decoder] 📤 Published Chain | Symbol: BANKNIFTY | Expiry: 28-JUL-26 | synthetic_future: ₹57745.1 | actual_atm: 57700 | strikes: 357
[Feed Decoder] 📤 Published Chain | Symbol: FINNIFTY | Expiry: 28-JUL-26 | synthetic_future: ₹26643.5 | actual_atm: 26600 | strikes: 150
[Feed Decoder] 📤 Published Chain | Symbol: MIDCPNIFTY | Expiry: 28-JUL-26 | synthetic_future: ₹14762.7 | actual_atm: 14775 | strikes: 262
[Feed Decoder] 📤 Published Chain | Symbol: SENSEX | Expiry: 16-JUL-2026 | synthetic_future: ₹77282.4 | actual_atm: 77300 | strikes: 165
[Feed Decoder] 📤 Published Chain | Symbol: BANKEX | Expiry: 30-JUL-2026 | synthetic_future: ₹65355.1 | actual_atm: 65400 | strikes: 170
[Decoder] 📡 UDP TICK | BANKNIFTYCE65500 | LTP: ₹2
[Decoder] 📡 BSE TICK | SENSEXPE74200 | LTP: ₹0
[Decoder] 📡 UDP TICK | BANKNIFTYPE54800 | LTP: ₹258.8
[Decoder] 📡 UDP TICK | BANKNIFTYPE57000 | LTP: ₹365.3
[Decoder] 📡 UDP TICK | BANKNIFTYCE51000 | LTP: ₹7000
[Feed Decoder] 📤 Published Chain | Symbol: NIFTY | Expiry: 28-JUL-26 | synthetic_future: ₹24101.8 | actual_atm: 24100 | strikes: 236
[Feed Decoder] 📤 Published Chain | Symbol: BANKNIFTY | Expiry: 28-JUL-26 | synthetic_future: ₹57742.8 | actual_atm: 57700 | strikes: 357
[Feed Decoder] 📤 Published Chain | Symbol: FINNIFTY | Expiry: 28-JUL-26 | synthetic_future: ₹26643.5 | actual_atm: 26600 | strikes: 150
[Feed Decoder] 📤 Published Chain | Symbol: MIDCPNIFTY | Expiry: 28-JUL-26 | synthetic_future: ₹14764 | actual_atm: 14775 | strikes: 262
[Feed Decoder] 📤 Published Chain | Symbol: SENSEX | Expiry: 16-JUL-2026 | synthetic_future: ₹77278.6 | actual_atm: 77300 | strikes: 165
[Feed Decoder] 📤 Published Chain | Symbol: BANKEX | Expiry: 30-JUL-2026 | synthetic_future: ₹65355.1 | actual_atm: 65400 | strikes: 170
[Decoder] 📡 BSE TICK | SENSEX50PE23900 | LTP: ₹0
[Decoder] 📡 UDP TICK | NIFTYCE23800 | LTP: ₹400.75
[Decoder] 📡 UDP TICK | FINNIFTYPE26300 | LTP: ₹170.6
[Decoder] 📡 UDP TICK | MIDCPNIFTYCE14225 | LTP: ₹333.9
[Decoder] 📡 BSE TICK | SENSEXCE75900 | LTP: ₹1497.85
[Feed Decoder] 📤 Published Chain | Symbol: NIFTY | Expiry: 28-JUL-26 | synthetic_future: ₹24101 | actual_atm: 24100 | strikes: 236
[Feed Decoder] 📤 Published Chain | Symbol: BANKNIFTY | Expiry: 28-JUL-26 | synthetic_future: ₹57744.7 | actual_atm: 57700 | strikes: 357
[Feed Decoder] 📤 Published Chain | Symbol: FINNIFTY | Expiry: 28-JUL-26 | synthetic_future: ₹26643.5 | actual_atm: 26600 | strikes: 150
[Feed Decoder] 📤 Published Chain | Symbol: MIDCPNIFTY | Expiry: 28-JUL-26 | synthetic_future: ₹14764.1 | actual_atm: 14775 | strikes: 262
[Feed Decoder] 📤 Published Chain | Symbol: SENSEX | Expiry: 16-JUL-2026 | synthetic_future: ₹77282.2 | actual_atm: 77300 | strikes: 165
[Feed Decoder] 📤 Published Chain | Symbol: BANKEX | Expiry: 30-JUL-2026 | synthetic_future: ₹65355.1 | actual_atm: 65400 | strikes: 170
[Decoder] 📡 UDP TICK | BANKNIFTYPE54300 | LTP: ₹36.95
[BSE] ❌ Unknown token: 844615
[Decoder] 📡 UDP TICK | MIDCPNIFTYPE14375 | LTP: ₹46.7
[Decoder] 📡 UDP TICK | NIFTYPE24950 | LTP: ₹828
[Decoder] 📡 BSE TICK | SENSEXPE73600 | LTP: ₹0.35
[Feed Decoder] 📤 Published Chain | Symbol: NIFTY | Expiry: 28-JUL-26 | synthetic_future: ₹24101 | actual_atm: 24100 | strikes: 236
[Feed Decoder] 📤 Published Chain | Symbol: BANKNIFTY | Expiry: 28-JUL-26 | synthetic_future: ₹57741.5 | actual_atm: 57700 | strikes: 357
[Feed Decoder] 📤 Published Chain | Symbol: FINNIFTY | Expiry: 28-JUL-26 | synthetic_future: ₹26643.5 | actual_atm: 26600 | strikes: 150
[Feed Decoder] 📤 Published Chain | Symbol: MIDCPNIFTY | Expiry: 28-JUL-26 | synthetic_future: ₹14764 | actual_atm: 14775 | strikes: 262
[Feed Decoder] 📤 Published Chain | Symbol: SENSEX | Expiry: 16-JUL-2026 | synthetic_future: ₹77281.1 | actual_atm: 77300 | strikes: 165
[Feed Decoder] 📤 Published Chain | Symbol: BANKEX | Expiry: 30-JUL-2026 | synthetic_future: ₹65355.1 | actual_atm: 65400 | strikes: 170
[Decoder] 📡 UDP TICK | BANKNIFTYCE57600 | LTP: ₹1354
[Decoder] 📡 UDP TICK | BANKNIFTYCE56300 | LTP: ₹1719.2
[Decoder] 📡 UDP TICK | FINNIFTYPE26400 | LTP: ₹207.4
[Decoder] 📡 BSE TICK | SENSEXPE80600 | LTP: ₹0
[Decoder] 📡 UDP TICK | BANKNIFTYCE59000 | LTP: ₹185.6
[Feed Decoder] 📤 Published Chain | Symbol: NIFTY | Expiry: 28-JUL-26 | synthetic_future: ₹24101 | actual_atm: 24100 | strikes: 236
[Feed Decoder] 📤 Published Chain | Symbol: BANKNIFTY | Expiry: 28-JUL-26 | synthetic_future: ₹57741.5 | actual_atm: 57700 | strikes: 357
[Feed Decoder] 📤 Published Chain | Symbol: FINNIFTY | Expiry: 28-JUL-26 | synthetic_future: ₹26643.5 | actual_atm: 26600 | strikes: 150
[Feed Decoder] 📤 Published Chain | Symbol: MIDCPNIFTY | Expiry: 28-JUL-26 | synthetic_future: ₹14764 | actual_atm: 14775 | strikes: 262
[Feed Decoder] 📤 Published Chain | Symbol: SENSEX | Expiry: 16-JUL-2026 | synthetic_future: ₹77281.9 | actual_atm: 77300 | strikes: 165
[Feed Decoder] 📤 Published Chain | Symbol: BANKEX | Expiry: 30-JUL-2026 | synthetic_future: ₹65355.1 | actual_atm: 65400 | strikes: 170
[Decoder] 📡 UDP TICK | MIDCPNIFTYPE14200 | LTP: ₹23.4
[Decoder] 📡 UDP TICK | MIDCPNIFTYCE15025 | LTP: ₹0
[Decoder] 📡 BSE TICK | SENSEXPE70300 | LTP: ₹6
[Decoder] 📡 UDP TICK | NIFTYCE24700 | LTP: ₹181.25
[Feed Decoder] 📤 Published Chain | Symbol: NIFTY | Expiry: 28-JUL-26 | synthetic_future: ₹24101 | actual_atm: 24100 | strikes: 236
[Feed Decoder] 📤 Published Chain | Symbol: BANKNIFTY | Expiry: 28-JUL-26 | synthetic_future: ₹57744.2 | actual_atm: 57700 | strikes: 357
[Feed Decoder] 📤 Published Chain | Symbol: FINNIFTY | Expiry: 28-JUL-26 | synthetic_future: ₹26643.5 | actual_atm: 26600 | strikes: 150
[Feed Decoder] 📤 Published Chain | Symbol: MIDCPNIFTY | Expiry: 28-JUL-26 | synthetic_future: ₹14764.1 | actual_atm: 14775 | strikes: 262
[Feed Decoder] 📤 Published Chain | Symbol: SENSEX | Expiry: 16-JUL-2026 | synthetic_future: ₹77282.2 | actual_atm: 77300 | strikes: 165
[Feed Decoder] 📤 Published Chain | Symbol: BANKEX | Expiry: 30-JUL-2026 | synthetic_future: ₹65355.1 | actual_atm: 65400 | strikes: 170
[Decoder] 📡 UDP TICK | BANKNIFTYPE56200 | LTP: ₹186.7
[Decoder] 📡 UDP TICK | BANKNIFTYPE62900 | LTP: ₹0
[Decoder] 📡 BSE TICK | SENSEXCE74000 | LTP: ₹3250
[Decoder] 📡 UDP TICK | MIDCPNIFTYPE14000 | LTP: ₹11.9
[Decoder] 📡 UDP TICK | NIFTYPE24100 | LTP: ₹347.25
[Feed Decoder] 📤 Published Chain | Symbol: NIFTY | Expiry: 28-JUL-26 | synthetic_future: ₹24101.2 | actual_atm: 24100 | strikes: 236
[Feed Decoder] 📤 Published Chain | Symbol: BANKNIFTY | Expiry: 28-JUL-26 | synthetic_future: ₹57739.5 | actual_atm: 57700 | strikes: 357
[Feed Decoder] 📤 Published Chain | Symbol: FINNIFTY | Expiry: 28-JUL-26 | synthetic_future: ₹26643.5 | actual_atm: 26600 | strikes: 150
[Feed Decoder] 📤 Published Chain | Symbol: MIDCPNIFTY | Expiry: 28-JUL-26 | synthetic_future: ₹14764 | actual_atm: 14775 | strikes: 262
[Feed Decoder] 📤 Published Chain | Symbol: SENSEX | Expiry: 16-JUL-2026 | synthetic_future: ₹77281.9 | actual_atm: 77300 | strikes: 165
[Feed Decoder] 📤 Published Chain | Symbol: BANKEX | Expiry: 30-JUL-2026 | synthetic_future: ₹65355.1 | actual_atm: 65400 | strikes: 170
[Decoder] 📡 UDP TICK | MIDCPNIFTYPE15425 | LTP: ₹0
[Decoder] 📡 BSE TICK | SENSEXPE77800 | LTP: ₹522.1
[Decoder] 📡 UDP TICK | NIFTYCE23250 | LTP: ₹1020.25
[Decoder] 📡 UDP TICK | NIFTYCE23500 | LTP: ₹641.8
[Feed Decoder] 📤 Published Chain | Symbol: NIFTY | Expiry: 28-JUL-26 | synthetic_future: ₹24101.2 | actual_atm: 24100 | strikes: 236
[Feed Decoder] 📤 Published Chain | Symbol: BANKNIFTY | Expiry: 28-JUL-26 | synthetic_future: ₹57740.9 | actual_atm: 57700 | strikes: 357
[Feed Decoder] 📤 Published Chain | Symbol: FINNIFTY | Expiry: 28-JUL-26 | synthetic_future: ₹26643.5 | actual_atm: 26600 | strikes: 150
[Feed Decoder] 📤 Published Chain | Symbol: MIDCPNIFTY | Expiry: 28-JUL-26 | synthetic_future: ₹14764.3 | actual_atm: 14775 | strikes: 262
[Feed Decoder] 📤 Published Chain | Symbol: SENSEX | Expiry: 16-JUL-2026 | synthetic_future: ₹77278.5 | actual_atm: 77300 | strikes: 165
[Feed Decoder] 📤 Published Chain | Symbol: BANKEX | Expiry: 30-JUL-2026 | synthetic_future: ₹65355.1 | actual_atm: 65400 | strikes: 170
[Decoder] 📡 UDP TICK | NIFTYCE22700 | LTP: ₹1465.25
[Decoder] 📡 BSE TICK | SENSEXPE79000 | LTP: ₹1707.3
[Decoder] 📡 UDP TICK | NIFTYPE24550 | LTP: ₹610
[Decoder] 📡 UDP TICK | FINNIFTYPE27300 | LTP: ₹460
[Decoder] 📡 UDP TICK | MIDCPNIFTYCE14375 | LTP: ₹545
[Feed Decoder] 📤 Published Chain | Symbol: NIFTY | Expiry: 28-JUL-26 | synthetic_future: ₹24099 | actual_atm: 24100 | strikes: 236
[Feed Decoder] 📤 Published Chain | Symbol: BANKNIFTY | Expiry: 28-JUL-26 | synthetic_future: ₹57742.9 | actual_atm: 57700 | strikes: 357
[Feed Decoder] 📤 Published Chain | Symbol: FINNIFTY | Expiry: 28-JUL-26 | synthetic_future: ₹26643.5 | actual_atm: 26600 | strikes: 150
[Feed Decoder] 📤 Published Chain | Symbol: MIDCPNIFTY | Expiry: 28-JUL-26 | synthetic_future: ₹14764.3 | actual_atm: 14775 | strikes: 262
[Feed Decoder] 📤 Published Chain | Symbol: SENSEX | Expiry: 16-JUL-2026 | synthetic_future: ₹77279.2 | actual_atm: 77300 | strikes: 165
[Feed Decoder] 📤 Published Chain | Symbol: BANKEX | Expiry: 30-JUL-2026 | synthetic_future: ₹65355.1 | actual_atm: 65400 | strikes: 170
[Decoder] 📡 BSE TICK | SENSEXCE77400 | LTP: ₹0
[Decoder] 📡 UDP TICK | BANKNIFTYPE59000 | LTP: ₹1613
[Decoder] 📡 UDP TICK | NIFTYPE27000 | LTP: ₹1730
[Decoder] 📡 UDP TICK | BANKNIFTYPE55500 | LTP: ₹100.95
[Decoder] 📡 BSE TICK | SENSEXCE77000 | LTP: ₹286.15
[Feed Decoder] 📤 Published Chain | Symbol: NIFTY | Expiry: 28-JUL-26 | synthetic_future: ₹24099.2 | actual_atm: 24100 | strikes: 236
[Feed Decoder] 📤 Published Chain | Symbol: BANKNIFTY | Expiry: 28-JUL-26 | synthetic_future: ₹57740.8 | actual_atm: 57700 | strikes: 357
[Feed Decoder] 📤 Published Chain | Symbol: FINNIFTY | Expiry: 28-JUL-26 | synthetic_future: ₹26643.5 | actual_atm: 26600 | strikes: 150
[Feed Decoder] 📤 Published Chain | Symbol: MIDCPNIFTY | Expiry: 28-JUL-26 | synthetic_future: ₹14764.3 | actual_atm: 14775 | strikes: 262
[Feed Decoder] 📤 Published Chain | Symbol: SENSEX | Expiry: 16-JUL-2026 | synthetic_future: ₹77278 | actual_atm: 77300 | strikes: 165
[Feed Decoder] 📤 Published Chain | Symbol: BANKEX | Expiry: 30-JUL-2026 | synthetic_future: ₹65355.1 | actual_atm: 65400 | strikes: 170
[Decoder] 📡 UDP TICK | NIFTYCE22600 | LTP: ₹1598
[Decoder] 📡 UDP TICK | NIFTYCE26000 | LTP: ₹1827
[BSE] ❌ Unknown token: 0
[Decoder] 📡 UDP TICK | BANKNIFTYCE60000 | LTP: ₹802
[Decoder] 📡 BSE TICK | SENSEXPE77600 | LTP: ₹324.9
[Feed Decoder] 📤 Published Chain | Symbol: NIFTY | Expiry: 28-JUL-26 | synthetic_future: ₹24099.2 | actual_atm: 24100 | strikes: 236
[Feed Decoder] 📤 Published Chain | Symbol: BANKNIFTY | Expiry: 28-JUL-26 | synthetic_future: ₹57740.4 | actual_atm: 57700 | strikes: 357
[Feed Decoder] 📤 Published Chain | Symbol: FINNIFTY | Expiry: 28-JUL-26 | synthetic_future: ₹26643.5 | actual_atm: 26600 | strikes: 150
[Feed Decoder] 📤 Published Chain | Symbol: MIDCPNIFTY | Expiry: 28-JUL-26 | synthetic_future: ₹14764.3 | actual_atm: 14775 | strikes: 262
[Feed Decoder] 📤 Published Chain | Symbol: SENSEX | Expiry: 16-JUL-2026 | synthetic_future: ₹77278.1 | actual_atm: 77300 | strikes: 165
[Feed Decoder] 📤 Published Chain | Symbol: BANKEX | Expiry: 30-JUL-2026 | synthetic_future: ₹65355.1 | actual_atm: 65400 | strikes: 170
[Decoder] 📡 UDP TICK | NIFTYPE22300 | LTP: ₹4.45
[Decoder] 📡 UDP TICK | MIDCPNIFTYPE14625 | LTP: ₹0
[Decoder] 📡 UDP TICK | MIDCPNIFTYCE14750 | LTP: ₹165.1
[Decoder] 📡 BSE TICK | SENSEXPE78700 | LTP: ₹1522.95
[Decoder] 📡 UDP TICK | BANKNIFTYPE54700 | LTP: ₹50.6
[Feed Decoder] 📤 Published Chain | Symbol: NIFTY | Expiry: 28-JUL-26 | synthetic_future: ₹24099 | actual_atm: 24100 | strikes: 236
[Feed Decoder] 📤 Published Chain | Symbol: BANKNIFTY | Expiry: 28-JUL-26 | synthetic_future: ₹57740.8 | actual_atm: 57700 | strikes: 357
[Feed Decoder] 📤 Published Chain | Symbol: FINNIFTY | Expiry: 28-JUL-26 | synthetic_future: ₹26643.5 | actual_atm: 26600 | strikes: 150
[Feed Decoder] 📤 Published Chain | Symbol: MIDCPNIFTY | Expiry: 28-JUL-26 | synthetic_future: ₹14764.3 | actual_atm: 14775 | strikes: 262
[Feed Decoder] 📤 Published Chain | Symbol: SENSEX | Expiry: 16-JUL-2026 | synthetic_future: ₹77279 | actual_atm: 77300 | strikes: 165
[Feed Decoder] 📤 Published Chain | Symbol: BANKEX | Expiry: 30-JUL-2026 | synthetic_future: ₹65355.1 | actual_atm: 65400 | strikes: 170
[Decoder] 📡 UDP TICK | BANKNIFTYCE56000 | LTP: ₹1900.35
[Decoder] 📡 UDP TICK | BANKNIFTYCE59200 | LTP: ₹591.65
[Decoder] 📡 BSE TICK | SENSEXCE77500 | LTP: ₹679.5
[Decoder] 📡 UDP TICK | BANKNIFTYPE57900 | LTP: ₹1040.35
[Feed Decoder] 📤 Published Chain | Symbol: NIFTY | Expiry: 28-JUL-26 | synthetic_future: ₹24099 | actual_atm: 24100 | strikes: 236
[Feed Decoder] 📤 Published Chain | Symbol: BANKNIFTY | Expiry: 28-JUL-26 | synthetic_future: ₹57740.8 | actual_atm: 57700 | strikes: 357
[Feed Decoder] 📤 Published Chain | Symbol: FINNIFTY | Expiry: 28-JUL-26 | synthetic_future: ₹26643.5 | actual_atm: 26600 | strikes: 150
[Feed Decoder] 📤 Published Chain | Symbol: MIDCPNIFTY | Expiry: 28-JUL-26 | synthetic_future: ₹14764.3 | actual_atm: 14775 | strikes: 262
[Feed Decoder] 📤 Published Chain | Symbol: SENSEX | Expiry: 16-JUL-2026 | synthetic_future: ₹77277.4 | actual_atm: 77300 | strikes: 165
[Feed Decoder] 📤 Published Chain | Symbol: BANKEX | Expiry: 30-JUL-2026 | synthetic_future: ₹65355.1 | actual_atm: 65400 | strikes: 170
[Decoder] 📡 UDP TICK | NIFTYPE23800 | LTP: ₹236.3
[Decoder] 📡 UDP TICK | NIFTYPE25900 | LTP: ₹1785
[Decoder] 📡 BSE TICK | SENSEXPE77100 | LTP: ₹672.4
[Decoder] 📡 UDP TICK | MIDCPNIFTYCE14375 | LTP: ₹545
[Feed Decoder] 📤 Published Chain | Symbol: NIFTY | Expiry: 28-JUL-26 | synthetic_future: ₹24099 | actual_atm: 24100 | strikes: 236
[Feed Decoder] 📤 Published Chain | Symbol: BANKNIFTY | Expiry: 28-JUL-26 | synthetic_future: ₹57741.7 | actual_atm: 57700 | strikes: 357
[Feed Decoder] 📤 Published Chain | Symbol: FINNIFTY | Expiry: 28-JUL-26 | synthetic_future: ₹26643.5 | actual_atm: 26600 | strikes: 150
[Feed Decoder] 📤 Published Chain | Symbol: MIDCPNIFTY | Expiry: 28-JUL-26 | synthetic_future: ₹14764.3 | actual_atm: 14775 | strikes: 262
[Feed Decoder] 📤 Published Chain | Symbol: SENSEX | Expiry: 16-JUL-2026 | synthetic_future: ₹77278.1 | actual_atm: 77300 | strikes: 165
[Feed Decoder] 📤 Published Chain | Symbol: BANKEX | Expiry: 30-JUL-2026 | synthetic_future: ₹65355.1 | actual_atm: 65400 | strikes: 170
[Decoder] 📡 UDP TICK | MIDCPNIFTYPE14125 | LTP: ₹20.35
[Decoder] 📡 UDP TICK | BANKNIFTYCE58100 | LTP: ₹478.2
[Decoder] 📡 BSE TICK | SENSEXCE78700 | LTP: ₹0.6
[Decoder] 📡 UDP TICK | NIFTYCE28000 | LTP: ₹50.85
[Decoder] 📡 UDP TICK | NIFTYPE26000 | LTP: ₹1390
[Feed Decoder] 📤 Published Chain | Symbol: NIFTY | Expiry: 28-JUL-26 | synthetic_future: ₹24098.9 | actual_atm: 24100 | strikes: 236
[Feed Decoder] 📤 Published Chain | Symbol: BANKNIFTY | Expiry: 28-JUL-26 | synthetic_future: ₹57737.4 | actual_atm: 57700 | strikes: 357
[Feed Decoder] 📤 Published Chain | Symbol: FINNIFTY | Expiry: 28-JUL-26 | synthetic_future: ₹26643.5 | actual_atm: 26600 | strikes: 150
[Feed Decoder] 📤 Published Chain | Symbol: MIDCPNIFTY | Expiry: 28-JUL-26 | synthetic_future: ₹14764.3 | actual_atm: 14775 | strikes: 262
[Feed Decoder] 📤 Published Chain | Symbol: SENSEX | Expiry: 16-JUL-2026 | synthetic_future: ₹77278.1 | actual_atm: 77300 | strikes: 165
[Feed Decoder] 📤 Published Chain | Symbol: BANKEX | Expiry: 30-JUL-2026 | synthetic_future: ₹65355.1 | actual_atm: 65400 | strikes: 170
[Decoder] 📡 UDP TICK | BANKNIFTYCE48000 | LTP: ₹10129.1
[Decoder] 📡 BSE TICK | SENSEXCE75400 | LTP: ₹1900
[Decoder] 📡 UDP TICK | BANKNIFTYPE58900 | LTP: ₹1588.05
[Decoder] 📡 UDP TICK | NIFTYPE24650 | LTP: ₹586.8
[Feed Decoder] 📤 Published Chain | Symbol: NIFTY | Expiry: 28-JUL-26 | synthetic_future: ₹24098.9 | actual_atm: 24100 | strikes: 236
[Feed Decoder] 📤 Published Chain | Symbol: BANKNIFTY | Expiry: 28-JUL-26 | synthetic_future: ₹57737.1 | actual_atm: 57700 | strikes: 357
[Feed Decoder] 📤 Published Chain | Symbol: FINNIFTY | Expiry: 28-JUL-26 | synthetic_future: ₹26643.5 | actual_atm: 26600 | strikes: 150
[Feed Decoder] 📤 Published Chain | Symbol: MIDCPNIFTY | Expiry: 28-JUL-26 | synthetic_future: ₹14764.3 | actual_atm: 14775 | strikes: 262
[Feed Decoder] 📤 Published Chain | Symbol: SENSEX | Expiry: 16-JUL-2026 | synthetic_future: ₹77278.3 | actual_atm: 77300 | strikes: 165
[Feed Decoder] 📤 Published Chain | Symbol: BANKEX | Expiry: 30-JUL-2026 | synthetic_future: ₹65355.1 | actual_atm: 65400 | strikes: 170
[Decoder] 📡 UDP TICK | NIFTYCE23850 | LTP: ₹365.1
[Decoder] 📡 BSE TICK | SENSEXCE73000 | LTP: ₹4340
[Decoder] 📡 UDP TICK | BANKNIFTYPE65000 | LTP: ₹6950
[Decoder] 📡 UDP TICK | BANKNIFTYPE57100 | LTP: ₹400.45
[Decoder] 📡 UDP TICK | NIFTYPE23800 | LTP: ₹100.4
[Feed Decoder] 📤 Published Chain | Symbol: NIFTY | Expiry: 28-JUL-26 | synthetic_future: ₹24099.5 | actual_atm: 24100 | strikes: 236
[Feed Decoder] 📤 Published Chain | Symbol: BANKNIFTY | Expiry: 28-JUL-26 | synthetic_future: ₹57737.7 | actual_atm: 57700 | strikes: 357
[Feed Decoder] 📤 Published Chain | Symbol: FINNIFTY | Expiry: 28-JUL-26 | synthetic_future: ₹26643.5 | actual_atm: 26600 | strikes: 150
[Feed Decoder] 📤 Published Chain | Symbol: MIDCPNIFTY | Expiry: 28-JUL-26 | synthetic_future: ₹14764.3 | actual_atm: 14775 | strikes: 262
[Feed Decoder] 📤 Published Chain | Symbol: SENSEX | Expiry: 16-JUL-2026 | synthetic_future: ₹77278.3 | actual_atm: 77300 | strikes: 165
[Feed Decoder] 📤 Published Chain | Symbol: BANKEX | Expiry: 30-JUL-2026 | synthetic_future: ₹65355.1 | actual_atm: 65400 | strikes: 170
[Decoder] 📡 BSE TICK | SENSEXPE79900 | LTP: ₹0
[Decoder] 📡 UDP TICK | FINNIFTYCE25700 | LTP: ₹0
[Decoder] 📡 UDP TICK | NIFTYPE24200 | LTP: ₹262
[Decoder] 📡 UDP TICK | BANKNIFTYCE57200 | LTP: ₹1566.4
[Feed Decoder] 📤 Published Chain | Symbol: NIFTY | Expiry: 28-JUL-26 | synthetic_future: ₹24099.5 | actual_atm: 24100 | strikes: 236
[Feed Decoder] 📤 Published Chain | Symbol: BANKNIFTY | Expiry: 28-JUL-26 | synthetic_future: ₹57734.5 | actual_atm: 57700 | strikes: 357
[Feed Decoder] 📤 Published Chain | Symbol: FINNIFTY | Expiry: 28-JUL-26 | synthetic_future: ₹26643.5 | actual_atm: 26600 | strikes: 150
[Feed Decoder] 📤 Published Chain | Symbol: MIDCPNIFTY | Expiry: 28-JUL-26 | synthetic_future: ₹14764.3 | actual_atm: 14775 | strikes: 262
[Feed Decoder] 📤 Published Chain | Symbol: SENSEX | Expiry: 16-JUL-2026 | synthetic_future: ₹77278.8 | actual_atm: 77300 | strikes: 165
[Feed Decoder] 📤 Published Chain | Symbol: BANKEX | Expiry: 30-JUL-2026 | synthetic_future: ₹65355.1 | actual_atm: 65400 | strikes: 170
[BSE] ❌ Unknown token: 840301
[Decoder] 📡 BSE TICK | SENSEXCE76900 | LTP: ₹997.7
[Decoder] 📡 UDP TICK | BANKNIFTYPE59500 | LTP: ₹1937.95
[Decoder] 📡 UDP TICK | BANKNIFTYPE58900 | LTP: ₹1427
[Decoder] 📡 UDP TICK | NIFTYNXT50PE73400 | LTP: ₹0
[Feed Decoder] 📤 Published Chain | Symbol: NIFTY | Expiry: 28-JUL-26 | synthetic_future: ₹24099 | actual_atm: 24100 | strikes: 236
[Feed Decoder] 📤 Published Chain | Symbol: BANKNIFTY | Expiry: 28-JUL-26 | synthetic_future: ₹57735.3 | actual_atm: 57700 | strikes: 357
[Feed Decoder] 📤 Published Chain | Symbol: FINNIFTY | Expiry: 28-JUL-26 | synthetic_future: ₹26643.5 | actual_atm: 26600 | strikes: 150
[Feed Decoder] 📤 Published Chain | Symbol: MIDCPNIFTY | Expiry: 28-JUL-26 | synthetic_future: ₹14764.3 | actual_atm: 14775 | strikes: 262
[Feed Decoder] 📤 Published Chain | Symbol: SENSEX | Expiry: 16-JUL-2026 | synthetic_future: ₹77276.7 | actual_atm: 77300 | strikes: 165
[Feed Decoder] 📤 Published Chain | Symbol: BANKEX | Expiry: 30-JUL-2026 | synthetic_future: ₹65355.1 | actual_atm: 65400 | strikes: 170
[Decoder] 📡 BSE TICK | SENSEXCE72500 | LTP: ₹4760.4
[Decoder] 📡 UDP TICK | NIFTYCE23850 | LTP: ₹663
[Decoder] 📡 UDP TICK | BANKNIFTYCE53200 | LTP: ₹4698
[Decoder] 📡 UDP TICK | BANKNIFTYPE57300 | LTP: ₹471
[Decoder] 📡 BSE TICK | SENSEXCE82000 | LTP: ₹0.1
[Decoder] 📡 UDP TICK | NIFTYPE23800 | LTP: ₹100.7
[Feed Decoder] 📤 Published Chain | Symbol: NIFTY | Expiry: 28-JUL-26 | synthetic_future: ₹24099 | actual_atm: 24100 | strikes: 236
[Feed Decoder] 📤 Published Chain | Symbol: BANKNIFTY | Expiry: 28-JUL-26 | synthetic_future: ₹57736.4 | actual_atm: 57700 | strikes: 357
[Feed Decoder] 📤 Published Chain | Symbol: FINNIFTY | Expiry: 28-JUL-26 | synthetic_future: ₹26643.5 | actual_atm: 26600 | strikes: 150
[Feed Decoder] 📤 Published Chain | Symbol: MIDCPNIFTY | Expiry: 28-JUL-26 | synthetic_future: ₹14763.9 | actual_atm: 14775 | strikes: 262
[Feed Decoder] 📤 Published Chain | Symbol: SENSEX | Expiry: 16-JUL-2026 | synthetic_future: ₹77277.9 | actual_atm: 77300 | strikes: 165
[Feed Decoder] 📤 Published Chain | Symbol: BANKEX | Expiry: 30-JUL-2026 | synthetic_future: ₹65355.1 | actual_atm: 65400 | strikes: 170
[Decoder] 📡 UDP TICK | NIFTYPE29000 | LTP: ₹3977.4
[Decoder] 📡 UDP TICK | NIFTYCE24400 | LTP: ₹87.25
[Decoder] 📡 BSE TICK | SENSEXPE76800 | LTP: ₹0
[Decoder] 📡 UDP TICK | NIFTYCE21950 | LTP: ₹1968.9
[Feed Decoder] 📤 Published Chain | Symbol: NIFTY | Expiry: 28-JUL-26 | synthetic_future: ₹24098.5 | actual_atm: 24100 | strikes: 236
[Feed Decoder] 📤 Published Chain | Symbol: BANKNIFTY | Expiry: 28-JUL-26 | synthetic_future: ₹57734.9 | actual_atm: 57700 | strikes: 357
[Feed Decoder] 📤 Published Chain | Symbol: FINNIFTY | Expiry: 28-JUL-26 | synthetic_future: ₹26643.5 | actual_atm: 26600 | strikes: 150
[Feed Decoder] 📤 Published Chain | Symbol: MIDCPNIFTY | Expiry: 28-JUL-26 | synthetic_future: ₹14764.1 | actual_atm: 14775 | strikes: 262
[Feed Decoder] 📤 Published Chain | Symbol: SENSEX | Expiry: 16-JUL-2026 | synthetic_future: ₹77274.1 | actual_atm: 77300 | strikes: 165
[Feed Decoder] 📤 Published Chain | Symbol: BANKEX | Expiry: 30-JUL-2026 | synthetic_future: ₹65355.1 | actual_atm: 65400 | strikes: 170
[Decoder] 📡 UDP TICK | BANKNIFTYCE54900 | LTP: ₹3426
[Decoder] 📡 UDP TICK | NIFTYCE22050 | LTP: ₹0
[Decoder] 📡 BSE TICK | SENSEXPE77400 | LTP: ₹598.85
[Decoder] 📡 UDP TICK | BANKNIFTYPE58200 | LTP: ₹897
[Decoder] 📡 UDP TICK | BANKNIFTYPE56800 | LTP: ₹311.05
[Feed Decoder] 📤 Published Chain | Symbol: NIFTY | Expiry: 28-JUL-26 | synthetic_future: ₹24098.7 | actual_atm: 24100 | strikes: 236
[Feed Decoder] 📤 Published Chain | Symbol: BANKNIFTY | Expiry: 28-JUL-26 | synthetic_future: ₹57733.2 | actual_atm: 57700 | strikes: 357
[Feed Decoder] 📤 Published Chain | Symbol: FINNIFTY | Expiry: 28-JUL-26 | synthetic_future: ₹26643.5 | actual_atm: 26600 | strikes: 150
[Feed Decoder] 📤 Published Chain | Symbol: MIDCPNIFTY | Expiry: 28-JUL-26 | synthetic_future: ₹14763.6 | actual_atm: 14775 | strikes: 262
[Feed Decoder] 📤 Published Chain | Symbol: SENSEX | Expiry: 16-JUL-2026 | synthetic_future: ₹77275.9 | actual_atm: 77300 | strikes: 165
[Feed Decoder] 📤 Published Chain | Symbol: BANKEX | Expiry: 30-JUL-2026 | synthetic_future: ₹65355.1 | actual_atm: 65400 | strikes: 170
[Decoder] 📡 UDP TICK | BANKNIFTYPE57900 | LTP: ₹734
[Decoder] 📡 BSE TICK | SENSEXCE77800 | LTP: ₹1.6
[Decoder] 📡 UDP TICK | NIFTYPE24500 | LTP: ₹550
[Decoder] 📡 UDP TICK | MIDCPNIFTYPE14650 | LTP: ₹111.25
[Feed Decoder] 📤 Published Chain | Symbol: NIFTY | Expiry: 28-JUL-26 | synthetic_future: ₹24099.7 | actual_atm: 24100 | strikes: 236
[Feed Decoder] 📤 Published Chain | Symbol: BANKNIFTY | Expiry: 28-JUL-26 | synthetic_future: ₹57733.2 | actual_atm: 57700 | strikes: 357
[Feed Decoder] 📤 Published Chain | Symbol: FINNIFTY | Expiry: 28-JUL-26 | synthetic_future: ₹26643.5 | actual_atm: 26600 | strikes: 150
[Feed Decoder] 📤 Published Chain | Symbol: MIDCPNIFTY | Expiry: 28-JUL-26 | synthetic_future: ₹14763.6 | actual_atm: 14775 | strikes: 262
[Feed Decoder] 📤 Published Chain | Symbol: SENSEX | Expiry: 16-JUL-2026 | synthetic_future: ₹77279.1 | actual_atm: 77300 | strikes: 165
[Feed Decoder] 📤 Published Chain | Symbol: BANKEX | Expiry: 30-JUL-2026 | synthetic_future: ₹65355.1 | actual_atm: 65400 | strikes: 170
[Decoder] 📡 UDP TICK | FINNIFTYCE26300 | LTP: ₹515.7
[Decoder] 📡 BSE TICK | SENSEXFUT | LTP: ₹77343
[Decoder] 📡 UDP TICK | MIDCPNIFTYCE14075 | LTP: ₹732.45
[Decoder] 📡 UDP TICK | BANKNIFTYPE52500 | LTP: ₹175
[Decoder] 📡 UDP TICK | BANKNIFTYCE48000 | LTP: ₹0
[Feed Decoder] 📤 Published Chain | Symbol: NIFTY | Expiry: 28-JUL-26 | synthetic_future: ₹24100.2 | actual_atm: 24100 | strikes: 236
[Feed Decoder] 📤 Published Chain | Symbol: BANKNIFTY | Expiry: 28-JUL-26 | synthetic_future: ₹57734.9 | actual_atm: 57700 | strikes: 357
[Feed Decoder] 📤 Published Chain | Symbol: FINNIFTY | Expiry: 28-JUL-26 | synthetic_future: ₹26643.5 | actual_atm: 26600 | strikes: 150
[Feed Decoder] 📤 Published Chain | Symbol: MIDCPNIFTY | Expiry: 28-JUL-26 | synthetic_future: ₹14763.1 | actual_atm: 14775 | strikes: 262
[Feed Decoder] 📤 Published Chain | Symbol: SENSEX | Expiry: 16-JUL-2026 | synthetic_future: ₹77281.1 | actual_atm: 77300 | strikes: 165
[Feed Decoder] 📤 Published Chain | Symbol: BANKEX | Expiry: 30-JUL-2026 | synthetic_future: ₹65355.1 | actual_atm: 65400 | strikes: 170
[Decoder] 📡 BSE TICK | SENSEXPE80000 | LTP: ₹2730
[Decoder] 📡 UDP TICK | BANKNIFTYPE57200 | LTP: ₹433.9
[Decoder] 📡 UDP TICK | BANKNIFTYPE58800 | LTP: ₹1301.85
[Decoder] 📡 UDP TICK | BANKNIFTYCE60900 | LTP: ₹22.4
[Decoder] 📡 BSE TICK | SENSEXPE77700 | LTP: ₹0
[Feed Decoder] 📤 Published Chain | Symbol: NIFTY | Expiry: 28-JUL-26 | synthetic_future: ₹24100.2 | actual_atm: 24100 | strikes: 236
[Feed Decoder] 📤 Published Chain | Symbol: BANKNIFTY | Expiry: 28-JUL-26 | synthetic_future: ₹57738.7 | actual_atm: 57700 | strikes: 357
[Feed Decoder] 📤 Published Chain | Symbol: FINNIFTY | Expiry: 28-JUL-26 | synthetic_future: ₹26643.5 | actual_atm: 26600 | strikes: 150
[Feed Decoder] 📤 Published Chain | Symbol: MIDCPNIFTY | Expiry: 28-JUL-26 | synthetic_future: ₹14763.1 | actual_atm: 14775 | strikes: 262
[Feed Decoder] 📤 Published Chain | Symbol: SENSEX | Expiry: 16-JUL-2026 | synthetic_future: ₹77281.8 | actual_atm: 77300 | strikes: 165
[Feed Decoder] 📤 Published Chain | Symbol: BANKEX | Expiry: 30-JUL-2026 | synthetic_future: ₹65355.1 | actual_atm: 65400 | strikes: 170
[BSE] ❌ Unknown token: 340
[Decoder] 📡 UDP TICK | BANKNIFTYCE62900 | LTP: ₹0
[Decoder] 📡 UDP TICK | NIFTYCE25400 | LTP: ₹43.6
[Decoder] 📡 UDP TICK | MIDCPNIFTYPE14600 | LTP: ₹94.8
[Decoder] 📡 BSE TICK | SENSEXCE78900 | LTP: ₹0
[Feed Decoder] 📤 Published Chain | Symbol: NIFTY | Expiry: 28-JUL-26 | synthetic_future: ₹24100.2 | actual_atm: 24100 | strikes: 236
[Feed Decoder] 📤 Published Chain | Symbol: BANKNIFTY | Expiry: 28-JUL-26 | synthetic_future: ₹57738.6 | actual_atm: 57700 | strikes: 357
[Feed Decoder] 📤 Published Chain | Symbol: FINNIFTY | Expiry: 28-JUL-26 | synthetic_future: ₹26643.5 | actual_atm: 26600 | strikes: 150
[Feed Decoder] 📤 Published Chain | Symbol: MIDCPNIFTY | Expiry: 28-JUL-26 | synthetic_future: ₹14763.1 | actual_atm: 14775 | strikes: 262
[Feed Decoder] 📤 Published Chain | Symbol: SENSEX | Expiry: 16-JUL-2026 | synthetic_future: ₹77281.2 | actual_atm: 77300 | strikes: 165
[Feed Decoder] 📤 Published Chain | Symbol: BANKEX | Expiry: 30-JUL-2026 | synthetic_future: ₹65355.1 | actual_atm: 65400 | strikes: 170
[Decoder] 📡 UDP TICK | MIDCPNIFTYCE14900 | LTP: ₹258.9
[Decoder] 📡 UDP TICK | NIFTYPE22700 | LTP: ₹7.45
[Decoder] 📡 UDP TICK | NIFTYCE23450 | LTP: ₹884
[Decoder] 📡 BSE TICK | SENSEXPE77800 | LTP: ₹1033.7
[Decoder] 📡 UDP TICK | NIFTYPE24700 | LTP: ₹670.4
[Feed Decoder] 📤 Published Chain | Symbol: NIFTY | Expiry: 28-JUL-26 | synthetic_future: ₹24100.2 | actual_atm: 24100 | strikes: 236
[Feed Decoder] 📤 Published Chain | Symbol: BANKNIFTY | Expiry: 28-JUL-26 | synthetic_future: ₹57740.9 | actual_atm: 57700 | strikes: 357
[Feed Decoder] 📤 Published Chain | Symbol: FINNIFTY | Expiry: 28-JUL-26 | synthetic_future: ₹26643.5 | actual_atm: 26600 | strikes: 150
[Feed Decoder] 📤 Published Chain | Symbol: MIDCPNIFTY | Expiry: 28-JUL-26 | synthetic_future: ₹14763.1 | actual_atm: 14775 | strikes: 262
[Feed Decoder] 📤 Published Chain | Symbol: SENSEX | Expiry: 16-JUL-2026 | synthetic_future: ₹77279.4 | actual_atm: 77300 | strikes: 165
[Feed Decoder] 📤 Published Chain | Symbol: BANKEX | Expiry: 30-JUL-2026 | synthetic_future: ₹65355.1 | actual_atm: 65400 | strikes: 170
[Decoder] 📡 UDP TICK | NIFTYPE22650 | LTP: ₹47.25
[Decoder] 📡 UDP TICK | BANKNIFTYPE55900 | LTP: ₹144.5
[Decoder] 📡 UDP TICK | MIDCPNIFTYCE14800 | LTP: ₹313
[Decoder] 📡 BSE TICK | SENSEXCE76400 | LTP: ₹882.6
[Decoder] 📡 UDP TICK | NIFTYPE23500 | LTP: ₹158.35
[Feed Decoder] 📤 Published Chain | Symbol: NIFTY | Expiry: 28-JUL-26 | synthetic_future: ₹24101 | actual_atm: 24100 | strikes: 236
[Feed Decoder] 📤 Published Chain | Symbol: BANKNIFTY | Expiry: 28-JUL-26 | synthetic_future: ₹57733.4 | actual_atm: 57700 | strikes: 357
[Feed Decoder] 📤 Published Chain | Symbol: FINNIFTY | Expiry: 28-JUL-26 | synthetic_future: ₹26643.5 | actual_atm: 26600 | strikes: 150
[Feed Decoder] 📤 Published Chain | Symbol: MIDCPNIFTY | Expiry: 28-JUL-26 | synthetic_future: ₹14763.6 | actual_atm: 14775 | strikes: 262
[Feed Decoder] 📤 Published Chain | Symbol: SENSEX | Expiry: 16-JUL-2026 | synthetic_future: ₹77278.3 | actual_atm: 77300 | strikes: 165
[Feed Decoder] 📤 Published Chain | Symbol: BANKEX | Expiry: 30-JUL-2026 | synthetic_future: ₹65355.1 | actual_atm: 65400 | strikes: 170
[Decoder] 📡 UDP TICK | BANKNIFTYCE60900 | LTP: ₹22.4
[Decoder] 📡 BSE TICK | SENSEXPE74800 | LTP: ₹0
[Decoder] 📡 UDP TICK | BANKNIFTYCE62500 | LTP: ₹7.15
[Decoder] 📡 UDP TICK | NIFTYPE22550 | LTP: ₹41.55
[Feed Decoder] 📤 Published Chain | Symbol: NIFTY | Expiry: 28-JUL-26 | synthetic_future: ₹24101 | actual_atm: 24100 | strikes: 236
[Feed Decoder] 📤 Published Chain | Symbol: BANKNIFTY | Expiry: 28-JUL-26 | synthetic_future: ₹57736.6 | actual_atm: 57700 | strikes: 357
[Feed Decoder] 📤 Published Chain | Symbol: FINNIFTY | Expiry: 28-JUL-26 | synthetic_future: ₹26643.5 | actual_atm: 26600 | strikes: 150
[Feed Decoder] 📤 Published Chain | Symbol: MIDCPNIFTY | Expiry: 28-JUL-26 | synthetic_future: ₹14763.6 | actual_atm: 14775 | strikes: 262
[Feed Decoder] 📤 Published Chain | Symbol: SENSEX | Expiry: 16-JUL-2026 | synthetic_future: ₹77278.9 | actual_atm: 77300 | strikes: 165
[Feed Decoder] 📤 Published Chain | Symbol: BANKEX | Expiry: 30-JUL-2026 | synthetic_future: ₹65355.1 | actual_atm: 65400 | strikes: 170
[Decoder] 📡 UDP TICK | BANKNIFTYPE62600 | LTP: ₹0
[Decoder] 📡 UDP TICK | FINNIFTYCE25200 | LTP: ₹0
[Decoder] 📡 BSE TICK | SENSEXCE74000 | LTP: ₹3300
[Decoder] 📡 UDP TICK | BANKNIFTYPE59500 | LTP: ₹1871
[Feed Decoder] 📤 Published Chain | Symbol: NIFTY | Expiry: 28-JUL-26 | synthetic_future: ₹24101 | actual_atm: 24100 | strikes: 236
[Feed Decoder] 📤 Published Chain | Symbol: BANKNIFTY | Expiry: 28-JUL-26 | synthetic_future: ₹57736.9 | actual_atm: 57700 | strikes: 357
[Feed Decoder] 📤 Published Chain | Symbol: FINNIFTY | Expiry: 28-JUL-26 | synthetic_future: ₹26648.9 | actual_atm: 26600 | strikes: 150
[Feed Decoder] 📤 Published Chain | Symbol: MIDCPNIFTY | Expiry: 28-JUL-26 | synthetic_future: ₹14763.6 | actual_atm: 14775 | strikes: 262
[Feed Decoder] 📤 Published Chain | Symbol: SENSEX | Expiry: 16-JUL-2026 | synthetic_future: ₹77281.2 | actual_atm: 77300 | strikes: 165
[Feed Decoder] 📤 Published Chain | Symbol: BANKEX | Expiry: 30-JUL-2026 | synthetic_future: ₹65355.1 | actual_atm: 65400 | strikes: 170
[Decoder] 📡 UDP TICK | NIFTYCE22750 | LTP: ₹1554.4
[Decoder] 📡 UDP TICK | NIFTYPE23400 | LTP: ₹136.75
[Decoder] 📡 BSE TICK | SENSEXPE79200 | LTP: ₹1937.25
[Decoder] 📡 UDP TICK | FINNIFTYCE26300 | LTP: ₹515.7
[Decoder] 📡 UDP TICK | BANKNIFTYCE58600 | LTP: ₹845
[Feed Decoder] 📤 Published Chain | Symbol: NIFTY | Expiry: 28-JUL-26 | synthetic_future: ₹24101.8 | actual_atm: 24100 | strikes: 236
[Feed Decoder] 📤 Published Chain | Symbol: BANKNIFTY | Expiry: 28-JUL-26 | synthetic_future: ₹57737.3 | actual_atm: 57700 | strikes: 357
[Feed Decoder] 📤 Published Chain | Symbol: FINNIFTY | Expiry: 28-JUL-26 | synthetic_future: ₹26648.9 | actual_atm: 26600 | strikes: 150
[Feed Decoder] 📤 Published Chain | Symbol: MIDCPNIFTY | Expiry: 28-JUL-26 | synthetic_future: ₹14763.6 | actual_atm: 14775 | strikes: 262
[Feed Decoder] 📤 Published Chain | Symbol: SENSEX | Expiry: 16-JUL-2026 | synthetic_future: ₹77279.6 | actual_atm: 77300 | strikes: 165
[Feed Decoder] 📤 Published Chain | Symbol: BANKEX | Expiry: 30-JUL-2026 | synthetic_future: ₹65355.1 | actual_atm: 65400 | strikes: 170
[Decoder] 📡 UDP TICK | BANKNIFTYCE54900 | LTP: ₹0
[Decoder] 📡 BSE TICK | SENSEXPE76200 | LTP: ₹187.55
[Decoder] 📡 UDP TICK | BANKNIFTYCE54600 | LTP: ₹3495.9
[Decoder] 📡 UDP TICK | NIFTYCE25500 | LTP: ₹131.75
[Decoder] 📡 UDP TICK | NIFTYCE24850 | LTP: ₹16
[Decoder] 📡 BSE TICK | SENSEXPE75800 | LTP: ₹0
[Feed Decoder] 📤 Published Chain | Symbol: NIFTY | Expiry: 28-JUL-26 | synthetic_future: ₹24105.1 | actual_atm: 24100 | strikes: 236
[Feed Decoder] 📤 Published Chain | Symbol: BANKNIFTY | Expiry: 28-JUL-26 | synthetic_future: ₹57749 | actual_atm: 57700 | strikes: 357
[Feed Decoder] 📤 Published Chain | Symbol: FINNIFTY | Expiry: 28-JUL-26 | synthetic_future: ₹26647.5 | actual_atm: 26600 | strikes: 150
[Feed Decoder] 📤 Published Chain | Symbol: MIDCPNIFTY | Expiry: 28-JUL-26 | synthetic_future: ₹14763.6 | actual_atm: 14775 | strikes: 262
[Feed Decoder] 📤 Published Chain | Symbol: SENSEX | Expiry: 16-JUL-2026 | synthetic_future: ₹77284.1 | actual_atm: 77300 | strikes: 165
[Feed Decoder] 📤 Published Chain | Symbol: BANKEX | Expiry: 30-JUL-2026 | synthetic_future: ₹65355.1 | actual_atm: 65400 | strikes: 170
[Decoder] 📡 UDP TICK | BANKNIFTYCE59000 | LTP: ₹187.6
[BSE] ❌ Unknown token: 32800767
[Decoder] 📡 UDP TICK | NIFTYPE22800 | LTP: ₹8.7
[Decoder] 📡 UDP TICK | FINNIFTYCE28000 | LTP: ₹18
[Decoder] 📡 BSE TICK | SENSEXPE80900 | LTP: ₹0
[Decoder] 📡 UDP TICK | BANKNIFTYCE58000 | LTP: ₹526.2
[Feed Decoder] 📤 Published Chain | Symbol: NIFTY | Expiry: 28-JUL-26 | synthetic_future: ₹24106.6 | actual_atm: 24100 | strikes: 236
[Feed Decoder] 📤 Published Chain | Symbol: BANKNIFTY | Expiry: 28-JUL-26 | synthetic_future: ₹57750.3 | actual_atm: 57800 | strikes: 357
[Feed Decoder] 📤 Published Chain | Symbol: FINNIFTY | Expiry: 28-JUL-26 | synthetic_future: ₹26647.5 | actual_atm: 26600 | strikes: 150
[Feed Decoder] 📤 Published Chain | Symbol: MIDCPNIFTY | Expiry: 28-JUL-26 | synthetic_future: ₹14765.9 | actual_atm: 14775 | strikes: 262
[Feed Decoder] 📤 Published Chain | Symbol: SENSEX | Expiry: 16-JUL-2026 | synthetic_future: ₹77304.5 | actual_atm: 77300 | strikes: 165
[Feed Decoder] 📤 Published Chain | Symbol: BANKEX | Expiry: 30-JUL-2026 | synthetic_future: ₹65356.8 | actual_atm: 65400 | strikes: 170
[Decoder] 📡 UDP TICK | BANKNIFTYCE56400 | LTP: ₹2257.95
[Decoder] 📡 UDP TICK | BANKNIFTYCE53700 | LTP: ₹0
[Decoder] 📡 BSE TICK | SENSEXCE76000 | LTP: ₹1430.6
[Decoder] 📡 UDP TICK | NIFTYPE23800 | LTP: ₹98.4
[Decoder] 📡 UDP TICK | MIDCPNIFTYCE15500 | LTP: ₹4.05
[Feed Decoder] 📤 Published Chain | Symbol: NIFTY | Expiry: 28-JUL-26 | synthetic_future: ₹24105.3 | actual_atm: 24100 | strikes: 236
[Feed Decoder] 📤 Published Chain | Symbol: BANKNIFTY | Expiry: 28-JUL-26 | synthetic_future: ₹57747 | actual_atm: 57700 | strikes: 357
[Feed Decoder] 📤 Published Chain | Symbol: FINNIFTY | Expiry: 28-JUL-26 | synthetic_future: ₹26647.5 | actual_atm: 26600 | strikes: 150
[Feed Decoder] 📤 Published Chain | Symbol: MIDCPNIFTY | Expiry: 28-JUL-26 | synthetic_future: ₹14765.9 | actual_atm: 14775 | strikes: 262
[Feed Decoder] 📤 Published Chain | Symbol: SENSEX | Expiry: 16-JUL-2026 | synthetic_future: ₹77297.7 | actual_atm: 77300 | strikes: 165
[Feed Decoder] 📤 Published Chain | Symbol: BANKEX | Expiry: 30-JUL-2026 | synthetic_future: ₹65356.8 | actual_atm: 65400 | strikes: 170
[Decoder] 📡 UDP TICK | BANKNIFTYPE56300 | LTP: ₹529.2
[Decoder] 📡 BSE TICK | SENSEXPE75400 | LTP: ₹75
[Decoder] 📡 UDP TICK | NIFTYCE25050 | LTP: ₹91.45
[Decoder] 📡 UDP TICK | BANKNIFTYPE57800 | LTP: ₹676.1
[Feed Decoder] 📤 Published Chain | Symbol: NIFTY | Expiry: 28-JUL-26 | synthetic_future: ₹24104.8 | actual_atm: 24100 | strikes: 236
[Feed Decoder] 📤 Published Chain | Symbol: BANKNIFTY | Expiry: 28-JUL-26 | synthetic_future: ₹57747.7 | actual_atm: 57700 | strikes: 357
[Feed Decoder] 📤 Published Chain | Symbol: FINNIFTY | Expiry: 28-JUL-26 | synthetic_future: ₹26647.5 | actual_atm: 26600 | strikes: 150
[Feed Decoder] 📤 Published Chain | Symbol: MIDCPNIFTY | Expiry: 28-JUL-26 | synthetic_future: ₹14765.9 | actual_atm: 14775 | strikes: 262
[Feed Decoder] 📤 Published Chain | Symbol: SENSEX | Expiry: 16-JUL-2026 | synthetic_future: ₹77301 | actual_atm: 77300 | strikes: 165
[Feed Decoder] 📤 Published Chain | Symbol: BANKEX | Expiry: 30-JUL-2026 | synthetic_future: ₹65356.8 | actual_atm: 65400 | strikes: 170
[Decoder] 📡 UDP TICK | BANKNIFTYCE63100 | LTP: ₹5.55
[Decoder] 📡 BSE TICK | SENSEXPE76200 | LTP: ₹182.3
[Decoder] 📡 UDP TICK | BANKNIFTYPE58000 | LTP: ₹1084.1
[Decoder] 📡 UDP TICK | FINNIFTYCE22500 | LTP: ₹0
[Decoder] 📡 UDP TICK | BANKNIFTYPE65000 | LTP: ₹7268.25
[Decoder] 📡 BSE TICK | SENSEXPE76800 | LTP: ₹0
[Feed Decoder] 📤 Published Chain | Symbol: NIFTY | Expiry: 28-JUL-26 | synthetic_future: ₹24103.8 | actual_atm: 24100 | strikes: 236
[Feed Decoder] 📤 Published Chain | Symbol: BANKNIFTY | Expiry: 28-JUL-26 | synthetic_future: ₹57745.7 | actual_atm: 57700 | strikes: 357
[Feed Decoder] 📤 Published Chain | Symbol: FINNIFTY | Expiry: 28-JUL-26 | synthetic_future: ₹26647.5 | actual_atm: 26600 | strikes: 150
[Feed Decoder] 📤 Published Chain | Symbol: MIDCPNIFTY | Expiry: 28-JUL-26 | synthetic_future: ₹14764.2 | actual_atm: 14775 | strikes: 262
[Feed Decoder] 📤 Published Chain | Symbol: SENSEX | Expiry: 16-JUL-2026 | synthetic_future: ₹77295.9 | actual_atm: 77300 | strikes: 165
[Feed Decoder] 📤 Published Chain | Symbol: BANKEX | Expiry: 30-JUL-2026 | synthetic_future: ₹65356.8 | actual_atm: 65400 | strikes: 170
[Decoder] 📡 UDP TICK | BANKNIFTYPE53000 | LTP: ₹92.25
[Decoder] 📡 UDP TICK | BANKNIFTYPE56300 | LTP: ₹529.2
[Decoder] 📡 UDP TICK | NIFTYPE22200 | LTP: ₹4.2
[Decoder] 📡 BSE TICK | SENSEXCE79800 | LTP: ₹0
[Decoder] 📡 UDP TICK | NIFTYPE23550 | LTP: ₹171.65
[Feed Decoder] 📤 Published Chain | Symbol: NIFTY | Expiry: 28-JUL-26 | synthetic_future: ₹24103.7 | actual_atm: 24100 | strikes: 236
[Feed Decoder] 📤 Published Chain | Symbol: BANKNIFTY | Expiry: 28-JUL-26 | synthetic_future: ₹57745.7 | actual_atm: 57700 | strikes: 357
[Feed Decoder] 📤 Published Chain | Symbol: FINNIFTY | Expiry: 28-JUL-26 | synthetic_future: ₹26647.5 | actual_atm: 26600 | strikes: 150
[Feed Decoder] 📤 Published Chain | Symbol: MIDCPNIFTY | Expiry: 28-JUL-26 | synthetic_future: ₹14762 | actual_atm: 14750 | strikes: 262
[Feed Decoder] 📤 Published Chain | Symbol: SENSEX | Expiry: 16-JUL-2026 | synthetic_future: ₹77290.9 | actual_atm: 77300 | strikes: 165
[Feed Decoder] 📤 Published Chain | Symbol: BANKEX | Expiry: 30-JUL-2026 | synthetic_future: ₹65356.8 | actual_atm: 65400 | strikes: 170
[Decoder] 📡 UDP TICK | NIFTYCE25450 | LTP: ₹2.8
[Decoder] 📡 BSE TICK | SENSEXCE78500 | LTP: ₹128.45
[Decoder] 📡 UDP TICK | BANKNIFTYCE61300 | LTP: ₹0
[Decoder] 📡 UDP TICK | NIFTYCE21450 | LTP: ₹0
[Feed Decoder] 📤 Published Chain | Symbol: NIFTY | Expiry: 28-JUL-26 | synthetic_future: ₹24102.8 | actual_atm: 24100 | strikes: 236
[Feed Decoder] 📤 Published Chain | Symbol: BANKNIFTY | Expiry: 28-JUL-26 | synthetic_future: ₹57742.9 | actual_atm: 57700 | strikes: 357
[Feed Decoder] 📤 Published Chain | Symbol: FINNIFTY | Expiry: 28-JUL-26 | synthetic_future: ₹26647.5 | actual_atm: 26600 | strikes: 150
[Feed Decoder] 📤 Published Chain | Symbol: MIDCPNIFTY | Expiry: 28-JUL-26 | synthetic_future: ₹14764.2 | actual_atm: 14775 | strikes: 262
[Feed Decoder] 📤 Published Chain | Symbol: SENSEX | Expiry: 16-JUL-2026 | synthetic_future: ₹77292.6 | actual_atm: 77300 | strikes: 165
[Feed Decoder] 📤 Published Chain | Symbol: BANKEX | Expiry: 30-JUL-2026 | synthetic_future: ₹65356.8 | actual_atm: 65400 | strikes: 170
[Decoder] 📡 UDP TICK | NIFTYPE23850 | LTP: ₹112
[Decoder] 📡 BSE TICK | SENSEXCE77100 | LTP: ₹207.05
[Decoder] 📡 UDP TICK | BANKNIFTYPE55800 | LTP: ₹381
[BSE] ❌ Unknown token: 1343487
[Decoder] 📡 UDP TICK | BANKNIFTYCE58100 | LTP: ₹477.9
[Decoder] 📡 UDP TICK | NIFTYPE22900 | LTP: ₹10.45
[Decoder] 📡 BSE TICK | SENSEXPE77300 | LTP: ₹0
[Feed Decoder] 📤 Published Chain | Symbol: NIFTY | Expiry: 28-JUL-26 | synthetic_future: ₹24103 | actual_atm: 24100 | strikes: 236
[Feed Decoder] 📤 Published Chain | Symbol: BANKNIFTY | Expiry: 28-JUL-26 | synthetic_future: ₹57739.2 | actual_atm: 57700 | strikes: 357
[Feed Decoder] 📤 Published Chain | Symbol: FINNIFTY | Expiry: 28-JUL-26 | synthetic_future: ₹26647.5 | actual_atm: 26600 | strikes: 150
[Feed Decoder] 📤 Published Chain | Symbol: MIDCPNIFTY | Expiry: 28-JUL-26 | synthetic_future: ₹14764.2 | actual_atm: 14775 | strikes: 262
[Feed Decoder] 📤 Published Chain | Symbol: SENSEX | Expiry: 16-JUL-2026 | synthetic_future: ₹77298.9 | actual_atm: 77300 | strikes: 165
[Feed Decoder] 📤 Published Chain | Symbol: BANKEX | Expiry: 30-JUL-2026 | synthetic_future: ₹65356.8 | actual_atm: 65400 | strikes: 170
[Decoder] 📡 UDP TICK | FINNIFTYPE25900 | LTP: ₹74.2
[Decoder] 📡 BSE TICK | SENSEXPE77300 | LTP: ₹57.1
[Decoder] 📡 UDP TICK | MIDCPNIFTYPE14500 | LTP: ₹67.8
[Decoder] 📡 UDP TICK | BANKNIFTYCE55500 | LTP: ₹2826.3
[Decoder] 📡 BSE TICK | SENSEXPE73300 | LTP: ₹0.25
[Feed Decoder] 📤 Published Chain | Symbol: NIFTY | Expiry: 28-JUL-26 | synthetic_future: ₹24103.2 | actual_atm: 24100 | strikes: 236
[Feed Decoder] 📤 Published Chain | Symbol: BANKNIFTY | Expiry: 28-JUL-26 | synthetic_future: ₹57738.9 | actual_atm: 57700 | strikes: 357
[Feed Decoder] 📤 Published Chain | Symbol: FINNIFTY | Expiry: 28-JUL-26 | synthetic_future: ₹26647.5 | actual_atm: 26600 | strikes: 150
[Feed Decoder] 📤 Published Chain | Symbol: MIDCPNIFTY | Expiry: 28-JUL-26 | synthetic_future: ₹14762.5 | actual_atm: 14775 | strikes: 262
[Feed Decoder] 📤 Published Chain | Symbol: SENSEX | Expiry: 16-JUL-2026 | synthetic_future: ₹77299.9 | actual_atm: 77300 | strikes: 165
[Feed Decoder] 📤 Published Chain | Symbol: BANKEX | Expiry: 30-JUL-2026 | synthetic_future: ₹65356.8 | actual_atm: 65400 | strikes: 170
[Decoder] 📡 UDP TICK | BANKNIFTYPE55000 | LTP: ₹65.2
[Decoder] 📡 BSE TICK | SENSEXPE75100 | LTP: ₹55.55
[Decoder] 📡 UDP TICK | NIFTYCE24300 | LTP: ₹345
[Decoder] 📡 UDP TICK | MIDCPNIFTYCE14550 | LTP: ₹277
[Decoder] 📡 BSE TICK | SENSEXCE78200 | LTP: ₹194.3
[Decoder] 📡 UDP TICK | BANKNIFTYCE52000 | LTP: ₹5730
[Feed Decoder] 📤 Published Chain | Symbol: NIFTY | Expiry: 28-JUL-26 | synthetic_future: ₹24103.2 | actual_atm: 24100 | strikes: 236
[Feed Decoder] 📤 Published Chain | Symbol: BANKNIFTY | Expiry: 28-JUL-26 | synthetic_future: ₹57739.9 | actual_atm: 57700 | strikes: 357
[Feed Decoder] 📤 Published Chain | Symbol: FINNIFTY | Expiry: 28-JUL-26 | synthetic_future: ₹26647.5 | actual_atm: 26600 | strikes: 150
[Feed Decoder] 📤 Published Chain | Symbol: MIDCPNIFTY | Expiry: 28-JUL-26 | synthetic_future: ₹14762.5 | actual_atm: 14775 | strikes: 262
[Feed Decoder] 📤 Published Chain | Symbol: SENSEX | Expiry: 16-JUL-2026 | synthetic_future: ₹77301.2 | actual_atm: 77300 | strikes: 165
[Feed Decoder] 📤 Published Chain | Symbol: BANKEX | Expiry: 30-JUL-2026 | synthetic_future: ₹65356.8 | actual_atm: 65400 | strikes: 170
[Decoder] 📡 BSE TICK | SENSEXCE74000 | LTP: ₹3300
[Decoder] 📡 UDP TICK | NIFTYPE25500 | LTP: ₹1403.7
[Decoder] 📡 UDP TICK | NIFTYCE24000 | LTP: ₹1233.65
[Decoder] 📡 BSE TICK | SENSEXPE77700 | LTP: ₹745.05
[Decoder] 📡 UDP TICK | NIFTYPE26300 | LTP: ₹2196
[Decoder] 📡 BSE TICK | SENSEXPE72900 | LTP: ₹0.25
[Feed Decoder] 📤 Published Chain | Symbol: NIFTY | Expiry: 28-JUL-26 | synthetic_future: ₹24103.9 | actual_atm: 24100 | strikes: 236
[Feed Decoder] 📤 Published Chain | Symbol: BANKNIFTY | Expiry: 28-JUL-26 | synthetic_future: ₹57743.8 | actual_atm: 57700 | strikes: 357
[Feed Decoder] 📤 Published Chain | Symbol: FINNIFTY | Expiry: 28-JUL-26 | synthetic_future: ₹26647.5 | actual_atm: 26600 | strikes: 150
[Feed Decoder] 📤 Published Chain | Symbol: MIDCPNIFTY | Expiry: 28-JUL-26 | synthetic_future: ₹14762.5 | actual_atm: 14775 | strikes: 262
[Feed Decoder] 📤 Published Chain | Symbol: SENSEX | Expiry: 16-JUL-2026 | synthetic_future: ₹77300.1 | actual_atm: 77300 | strikes: 165
[Feed Decoder] 📤 Published Chain | Symbol: BANKEX | Expiry: 30-JUL-2026 | synthetic_future: ₹65356.8 | actual_atm: 65400 | strikes: 170
[Decoder] 📡 UDP TICK | BANKNIFTYPE63000 | LTP: ₹5100
[BSE] ❌ Unknown token: 0
[Decoder] 📡 UDP TICK | NIFTYPE24100 | LTP: ₹347
[Decoder] 📡 BSE TICK | SENSEXPE76500 | LTP: ₹1.15
[Decoder] 📡 UDP TICK | BANKNIFTYCE60300 | LTP: ₹0
[Decoder] 📡 BSE TICK | SENSEXPE75000 | LTP: ₹49.8
[Decoder] 📡 UDP TICK | BANKNIFTYPE62500 | LTP: ₹0
[Feed Decoder] 📤 Published Chain | Symbol: NIFTY | Expiry: 28-JUL-26 | synthetic_future: ₹24104 | actual_atm: 24100 | strikes: 236
[Feed Decoder] 📤 Published Chain | Symbol: BANKNIFTY | Expiry: 28-JUL-26 | synthetic_future: ₹57742.9 | actual_atm: 57700 | strikes: 357
[Feed Decoder] 📤 Published Chain | Symbol: FINNIFTY | Expiry: 28-JUL-26 | synthetic_future: ₹26647.5 | actual_atm: 26600 | strikes: 150
[Feed Decoder] 📤 Published Chain | Symbol: MIDCPNIFTY | Expiry: 28-JUL-26 | synthetic_future: ₹14762.5 | actual_atm: 14775 | strikes: 262
[Feed Decoder] 📤 Published Chain | Symbol: SENSEX | Expiry: 16-JUL-2026 | synthetic_future: ₹77301.5 | actual_atm: 77300 | strikes: 165
[Feed Decoder] 📤 Published Chain | Symbol: BANKEX | Expiry: 30-JUL-2026 | synthetic_future: ₹65356.8 | actual_atm: 65400 | strikes: 170
[Decoder] 📡 UDP TICK | NIFTYPE22450 | LTP: ₹39
[Decoder] 📡 BSE TICK | SENSEXPE77300 | LTP: ₹57.8
[Decoder] 📡 UDP TICK | NIFTYCE21500 | LTP: ₹2587
[Decoder] 📡 BSE TICK | SENSEXPE76100 | LTP: ₹0
[Decoder] 📡 UDP TICK | BANKNIFTYPE49500 | LTP: ₹71
[Feed Decoder] 📤 Published Chain | Symbol: NIFTY | Expiry: 28-JUL-26 | synthetic_future: ₹24103.9 | actual_atm: 24100 | strikes: 236
[Feed Decoder] 📤 Published Chain | Symbol: BANKNIFTY | Expiry: 28-JUL-26 | synthetic_future: ₹57741.7 | actual_atm: 57700 | strikes: 357
[Feed Decoder] 📤 Published Chain | Symbol: FINNIFTY | Expiry: 28-JUL-26 | synthetic_future: ₹26647.5 | actual_atm: 26600 | strikes: 150
[Feed Decoder] 📤 Published Chain | Symbol: MIDCPNIFTY | Expiry: 28-JUL-26 | synthetic_future: ₹14762.5 | actual_atm: 14775 | strikes: 262
[Feed Decoder] 📤 Published Chain | Symbol: SENSEX | Expiry: 16-JUL-2026 | synthetic_future: ₹77296.1 | actual_atm: 77300 | strikes: 165
[Feed Decoder] 📤 Published Chain | Symbol: BANKEX | Expiry: 30-JUL-2026 | synthetic_future: ₹65356.8 | actual_atm: 65400 | strikes: 170
[Decoder] 📡 UDP TICK | MIDCPNIFTYPE14850 | LTP: ₹202.55
[Decoder] 📡 BSE TICK | SENSEXCE78500 | LTP: ₹130.3
[Decoder] 📡 UDP TICK | BANKNIFTYPE57000 | LTP: ₹366.55
[Decoder] 📡 BSE TICK | SENSEXPE74900 | LTP: ₹44.9
[Decoder] 📡 UDP TICK | NIFTYCE23150 | LTP: ₹1085.9
[Decoder] 📡 BSE TICK | SENSEXPE70100 | LTP: ₹6
[Decoder] 📡 UDP TICK | BANKNIFTYPE59100 | LTP: ₹1736
[Feed Decoder] 📤 Published Chain | Symbol: NIFTY | Expiry: 28-JUL-26 | synthetic_future: ₹24103.2 | actual_atm: 24100 | strikes: 236
[Feed Decoder] 📤 Published Chain | Symbol: BANKNIFTY | Expiry: 28-JUL-26 | synthetic_future: ₹57741.7 | actual_atm: 57700 | strikes: 357
[Feed Decoder] 📤 Published Chain | Symbol: FINNIFTY | Expiry: 28-JUL-26 | synthetic_future: ₹26647.5 | actual_atm: 26600 | strikes: 150
[Feed Decoder] 📤 Published Chain | Symbol: MIDCPNIFTY | Expiry: 28-JUL-26 | synthetic_future: ₹14764.1 | actual_atm: 14775 | strikes: 262
[Feed Decoder] 📤 Published Chain | Symbol: SENSEX | Expiry: 16-JUL-2026 | synthetic_future: ₹77290.8 | actual_atm: 77300 | strikes: 165
[Feed Decoder] 📤 Published Chain | Symbol: BANKEX | Expiry: 30-JUL-2026 | synthetic_future: ₹65356.8 | actual_atm: 65400 | strikes: 170
[Decoder] 📡 UDP TICK | NIFTYCE24000 | LTP: ₹732
[Decoder] 📡 BSE TICK | SENSEXPE78000 | LTP: ₹712
[Decoder] 📡 UDP TICK | NIFTYCE24200 | LTP: ₹395.3
[BSE] ❌ Unknown token: 0
[Decoder] 📡 BSE TICK | SENSEXPE76100 | LTP: ₹0
[Decoder] 📡 UDP TICK | BANKNIFTYPE61600 | LTP: ₹0
[Feed Decoder] 📤 Published Chain | Symbol: NIFTY | Expiry: 28-JUL-26 | synthetic_future: ₹24103.2 | actual_atm: 24100 | strikes: 236
[Feed Decoder] 📤 Published Chain | Symbol: BANKNIFTY | Expiry: 28-JUL-26 | synthetic_future: ₹57736.6 | actual_atm: 57700 | strikes: 357
[Feed Decoder] 📤 Published Chain | Symbol: FINNIFTY | Expiry: 28-JUL-26 | synthetic_future: ₹26647.5 | actual_atm: 26600 | strikes: 150
[Feed Decoder] 📤 Published Chain | Symbol: MIDCPNIFTY | Expiry: 28-JUL-26 | synthetic_future: ₹14764.1 | actual_atm: 14775 | strikes: 262
[Feed Decoder] 📤 Published Chain | Symbol: SENSEX | Expiry: 16-JUL-2026 | synthetic_future: ₹77294.3 | actual_atm: 77300 | strikes: 165
[Feed Decoder] 📤 Published Chain | Symbol: BANKEX | Expiry: 30-JUL-2026 | synthetic_future: ₹65356.8 | actual_atm: 65400 | strikes: 170
[Decoder] 📡 UDP TICK | MIDCPNIFTYPE14625 | LTP: ₹114
[Decoder] 📡 BSE TICK | SENSEXCE77400 | LTP: ₹22.45
[Decoder] 📡 UDP TICK | MIDCPNIFTYCE15075 | LTP: ₹0
[Decoder] 📡 UDP TICK | NIFTYNXT50PE72600 | LTP: ₹902.6
[Decoder] 📡 BSE TICK | SENSEXPE77300 | LTP: ₹0
[Feed Decoder] 📤 Published Chain | Symbol: NIFTY | Expiry: 28-JUL-26 | synthetic_future: ₹24103 | actual_atm: 24100 | strikes: 236
[Feed Decoder] 📤 Published Chain | Symbol: BANKNIFTY | Expiry: 28-JUL-26 | synthetic_future: ₹57737.8 | actual_atm: 57700 | strikes: 357
[Feed Decoder] 📤 Published Chain | Symbol: FINNIFTY | Expiry: 28-JUL-26 | synthetic_future: ₹26647.5 | actual_atm: 26600 | strikes: 150
[Feed Decoder] 📤 Published Chain | Symbol: MIDCPNIFTY | Expiry: 28-JUL-26 | synthetic_future: ₹14764.1 | actual_atm: 14775 | strikes: 262
[Feed Decoder] 📤 Published Chain | Symbol: SENSEX | Expiry: 16-JUL-2026 | synthetic_future: ₹77296.6 | actual_atm: 77300 | strikes: 165
[Feed Decoder] 📤 Published Chain | Symbol: BANKEX | Expiry: 30-JUL-2026 | synthetic_future: ₹65356.8 | actual_atm: 65400 | strikes: 170
[Decoder] 📡 UDP TICK | BANKNIFTYCE58400 | LTP: ₹358.5
[Decoder] 📡 BSE TICK | SENSEXPE77600 | LTP: ₹925
[Decoder] 📡 UDP TICK | BANKNIFTYCE52100 | LTP: ₹0
[Decoder] 📡 BSE TICK | SENSEXCE77400 | LTP: ₹487.5
[Decoder] 📡 UDP TICK | BANKNIFTYPE65500 | LTP: ₹0
[Decoder] 📡 UDP TICK | NIFTYCE19500 | LTP: ₹4758.15
[Feed Decoder] 📤 Published Chain | Symbol: NIFTY | Expiry: 28-JUL-26 | synthetic_future: ₹24102.7 | actual_atm: 24100 | strikes: 236
[Feed Decoder] 📤 Published Chain | Symbol: BANKNIFTY | Expiry: 28-JUL-26 | synthetic_future: ₹57737.8 | actual_atm: 57700 | strikes: 357
[Feed Decoder] 📤 Published Chain | Symbol: FINNIFTY | Expiry: 28-JUL-26 | synthetic_future: ₹26647.5 | actual_atm: 26600 | strikes: 150
[Feed Decoder] 📤 Published Chain | Symbol: MIDCPNIFTY | Expiry: 28-JUL-26 | synthetic_future: ₹14764.6 | actual_atm: 14775 | strikes: 262
[Feed Decoder] 📤 Published Chain | Symbol: SENSEX | Expiry: 16-JUL-2026 | synthetic_future: ₹77297.8 | actual_atm: 77300 | strikes: 165
[Feed Decoder] 📤 Published Chain | Symbol: BANKEX | Expiry: 30-JUL-2026 | synthetic_future: ₹65356.8 | actual_atm: 65400 | strikes: 170
[Decoder] 📡 BSE TICK | SENSEXCE76800 | LTP: ₹498.15
[Decoder] 📡 UDP TICK | NIFTYNXT50FUT | LTP: ₹72390
[Decoder] 📡 UDP TICK | BANKNIFTYCE61000 | LTP: ₹172.1
[Decoder] 📡 BSE TICK | SENSEXCE80300 | LTP: ₹0.4
[Decoder] 📡 UDP TICK | BANKNIFTYCE57500 | LTP: ₹1399
[Feed Decoder] 📤 Published Chain | Symbol: NIFTY | Expiry: 28-JUL-26 | synthetic_future: ₹24102.5 | actual_atm: 24100 | strikes: 236
[Feed Decoder] 📤 Published Chain | Symbol: BANKNIFTY | Expiry: 28-JUL-26 | synthetic_future: ₹57738.2 | actual_atm: 57700 | strikes: 357
[Feed Decoder] 📤 Published Chain | Symbol: FINNIFTY | Expiry: 28-JUL-26 | synthetic_future: ₹26647.5 | actual_atm: 26600 | strikes: 150
[Feed Decoder] 📤 Published Chain | Symbol: MIDCPNIFTY | Expiry: 28-JUL-26 | synthetic_future: ₹14767.2 | actual_atm: 14775 | strikes: 262
[Feed Decoder] 📤 Published Chain | Symbol: SENSEX | Expiry: 16-JUL-2026 | synthetic_future: ₹77296.1 | actual_atm: 77300 | strikes: 165
[Feed Decoder] 📤 Published Chain | Symbol: BANKEX | Expiry: 30-JUL-2026 | synthetic_future: ₹65356.8 | actual_atm: 65400 | strikes: 170
[Decoder] 📡 BSE TICK | SENSEXPE75100 | LTP: ₹0
[Decoder] 📡 UDP TICK | NIFTYCE24650 | LTP: ₹196.75
[BSE] ❌ Unknown token: 840228
[Decoder] 📡 UDP TICK | NIFTYPE26100 | LTP: ₹1902.5
[Decoder] 📡 UDP TICK | NIFTYCE24550 | LTP: ₹51.35
[Decoder] 📡 BSE TICK | SENSEXCE78100 | LTP: ₹222.4
[Feed Decoder] 📤 Published Chain | Symbol: NIFTY | Expiry: 28-JUL-26 | synthetic_future: ₹24103.3 | actual_atm: 24100 | strikes: 236
[Feed Decoder] 📤 Published Chain | Symbol: BANKNIFTY | Expiry: 28-JUL-26 | synthetic_future: ₹57737.3 | actual_atm: 57700 | strikes: 357
[Decoder] 📡 UDP TICK | BANKNIFTYCE52400 | LTP: ₹0
[Feed Decoder] 📤 Published Chain | Symbol: FINNIFTY | Expiry: 28-JUL-26 | synthetic_future: ₹26647.5 | actual_atm: 26600 | strikes: 150
[Feed Decoder] 📤 Published Chain | Symbol: MIDCPNIFTY | Expiry: 28-JUL-26 | synthetic_future: ₹14767.2 | actual_atm: 14775 | strikes: 262
[Feed Decoder] 📤 Published Chain | Symbol: SENSEX | Expiry: 16-JUL-2026 | synthetic_future: ₹77295.3 | actual_atm: 77300 | strikes: 165
[Feed Decoder] 📤 Published Chain | Symbol: BANKEX | Expiry: 30-JUL-2026 | synthetic_future: ₹65356.8 | actual_atm: 65400 | strikes: 170
[Decoder] 📡 BSE TICK | SENSEXCE72700 | LTP: ₹0
[Decoder] 📡 UDP TICK | BANKNIFTYPE61300 | LTP: ₹3701
[Decoder] 📡 UDP TICK | BANKNIFTYCE55000 | LTP: ₹3240
[Decoder] 📡 BSE TICK | SENSEXPE81000 | LTP: ₹3700
[Decoder] 📡 UDP TICK | NIFTYCE22500 | LTP: ₹1605
[Feed Decoder] 📤 Published Chain | Symbol: NIFTY | Expiry: 28-JUL-26 | synthetic_future: ₹24103.3 | actual_atm: 24100 | strikes: 236
[Feed Decoder] 📤 Published Chain | Symbol: BANKNIFTY | Expiry: 28-JUL-26 | synthetic_future: ₹57738.5 | actual_atm: 57700 | strikes: 357
[Feed Decoder] 📤 Published Chain | Symbol: FINNIFTY | Expiry: 28-JUL-26 | synthetic_future: ₹26647.5 | actual_atm: 26600 | strikes: 150
[Feed Decoder] 📤 Published Chain | Symbol: MIDCPNIFTY | Expiry: 28-JUL-26 | synthetic_future: ₹14766 | actual_atm: 14775 | strikes: 262
[Feed Decoder] 📤 Published Chain | Symbol: SENSEX | Expiry: 16-JUL-2026 | synthetic_future: ₹77297.8 | actual_atm: 77300 | strikes: 165
[Feed Decoder] 📤 Published Chain | Symbol: BANKEX | Expiry: 30-JUL-2026 | synthetic_future: ₹65356.8 | actual_atm: 65400 | strikes: 170
[Decoder] 📡 BSE TICK | SENSEXCE78700 | LTP: ₹97
[Decoder] 📡 UDP TICK | BANKNIFTYCE59200 | LTP: ₹591.65
[Decoder] 📡 UDP TICK | BANKNIFTYPE53900 | LTP: ₹26.95
[Decoder] 📡 BSE TICK | SENSEXCE79900 | LTP: ₹0.4
[Decoder] 📡 UDP TICK | BANKNIFTYPE58500 | LTP: ₹1076
[Decoder] 📡 BSE TICK | SENSEXCE76900 | LTP: ₹400.95
[Decoder] 📡 UDP TICK | MIDCPNIFTYCE15350 | LTP: ₹8.9
[Feed Decoder] 📤 Published Chain | Symbol: NIFTY | Expiry: 28-JUL-26 | synthetic_future: ₹24103.3 | actual_atm: 24100 | strikes: 236
[Feed Decoder] 📤 Published Chain | Symbol: BANKNIFTY | Expiry: 28-JUL-26 | synthetic_future: ₹57740 | actual_atm: 57700 | strikes: 357
[Feed Decoder] 📤 Published Chain | Symbol: FINNIFTY | Expiry: 28-JUL-26 | synthetic_future: ₹26647.5 | actual_atm: 26600 | strikes: 150
[Feed Decoder] 📤 Published Chain | Symbol: MIDCPNIFTY | Expiry: 28-JUL-26 | synthetic_future: ₹14764.1 | actual_atm: 14775 | strikes: 262
[Feed Decoder] 📤 Published Chain | Symbol: SENSEX | Expiry: 16-JUL-2026 | synthetic_future: ₹77298.9 | actual_atm: 77300 | strikes: 165
[Feed Decoder] 📤 Published Chain | Symbol: BANKEX | Expiry: 30-JUL-2026 | synthetic_future: ₹65356.8 | actual_atm: 65400 | strikes: 170
[Decoder] 📡 UDP TICK | BANKNIFTYPE54400 | LTP: ₹39.25
[Decoder] 📡 BSE TICK | SENSEXPE77500 | LTP: ₹1251.7
[Decoder] 📡 UDP TICK | NIFTYPE25150 | LTP: ₹917.6
[Decoder] 📡 BSE TICK | SENSEXPE71500 | LTP: ₹0.1
[Decoder] 📡 UDP TICK | NIFTYPE23900 | LTP: ₹128.25
[BSE] ❌ Unknown token: 840571
[Feed Decoder] 📤 Published Chain | Symbol: NIFTY | Expiry: 28-JUL-26 | synthetic_future: ₹24102.3 | actual_atm: 24100 | strikes: 236
[Feed Decoder] 📤 Published Chain | Symbol: BANKNIFTY | Expiry: 28-JUL-26 | synthetic_future: ₹57739.1 | actual_atm: 57700 | strikes: 357
[Feed Decoder] 📤 Published Chain | Symbol: FINNIFTY | Expiry: 28-JUL-26 | synthetic_future: ₹26647.5 | actual_atm: 26600 | strikes: 150
[Feed Decoder] 📤 Published Chain | Symbol: MIDCPNIFTY | Expiry: 28-JUL-26 | synthetic_future: ₹14766 | actual_atm: 14775 | strikes: 262
[Feed Decoder] 📤 Published Chain | Symbol: SENSEX | Expiry: 16-JUL-2026 | synthetic_future: ₹77294.4 | actual_atm: 77300 | strikes: 165
[Feed Decoder] 📤 Published Chain | Symbol: BANKEX | Expiry: 30-JUL-2026 | synthetic_future: ₹65356.8 | actual_atm: 65400 | strikes: 170
[Decoder] 📡 UDP TICK | NIFTYCE23000 | LTP: ₹1106.85
[Decoder] 📡 BSE TICK | SENSEXCE76900 | LTP: ₹0
[Decoder] 📡 UDP TICK | BANKNIFTYCE56800 | LTP: ₹1237.75
[Decoder] 📡 BSE TICK | SENSEXCE79500 | LTP: ₹109
[Decoder] 📡 UDP TICK | BANKNIFTYPE54000 | LTP: ₹557.55
[Feed Decoder] 📤 Published Chain | Symbol: NIFTY | Expiry: 28-JUL-26 | synthetic_future: ₹24103 | actual_atm: 24100 | strikes: 236
[Feed Decoder] 📤 Published Chain | Symbol: BANKNIFTY | Expiry: 28-JUL-26 | synthetic_future: ₹57735.7 | actual_atm: 57700 | strikes: 357
[Feed Decoder] 📤 Published Chain | Symbol: FINNIFTY | Expiry: 28-JUL-26 | synthetic_future: ₹26647.5 | actual_atm: 26600 | strikes: 150
[Feed Decoder] 📤 Published Chain | Symbol: MIDCPNIFTY | Expiry: 28-JUL-26 | synthetic_future: ₹14765.5 | actual_atm: 14775 | strikes: 262
[Feed Decoder] 📤 Published Chain | Symbol: SENSEX | Expiry: 16-JUL-2026 | synthetic_future: ₹77293.6 | actual_atm: 77300 | strikes: 165
[Feed Decoder] 📤 Published Chain | Symbol: BANKEX | Expiry: 30-JUL-2026 | synthetic_future: ₹65356.8 | actual_atm: 65400 | strikes: 170
[Decoder] 📡 UDP TICK | MIDCPNIFTYPE14325 | LTP: ₹39.75
[Decoder] 📡 BSE TICK | SENSEXCE79600 | LTP: ₹0.35
[Decoder] 📡 UDP TICK | NIFTYPE24150 | LTP: ₹232.65
[Decoder] 📡 BSE TICK | SENSEXCE76000 | LTP: ₹0
[Decoder] 📡 UDP TICK | BANKNIFTYPE63400 | LTP: ₹0
[Decoder] 📡 UDP TICK | MIDCPNIFTYPE14900 | LTP: ₹231
[Decoder] 📡 BSE TICK | SENSEXCE80800 | LTP: ₹10.2
[Feed Decoder] 📤 Published Chain | Symbol: NIFTY | Expiry: 28-JUL-26 | synthetic_future: ₹24102.3 | actual_atm: 24100 | strikes: 236
[Feed Decoder] 📤 Published Chain | Symbol: BANKNIFTY | Expiry: 28-JUL-26 | synthetic_future: ₹57735.7 | actual_atm: 57700 | strikes: 357
[Feed Decoder] 📤 Published Chain | Symbol: FINNIFTY | Expiry: 28-JUL-26 | synthetic_future: ₹26647.5 | actual_atm: 26600 | strikes: 150
[Feed Decoder] 📤 Published Chain | Symbol: MIDCPNIFTY | Expiry: 28-JUL-26 | synthetic_future: ₹14764.1 | actual_atm: 14775 | strikes: 262
[Feed Decoder] 📤 Published Chain | Symbol: SENSEX | Expiry: 16-JUL-2026 | synthetic_future: ₹77292.9 | actual_atm: 77300 | strikes: 165
[Feed Decoder] 📤 Published Chain | Symbol: BANKEX | Expiry: 30-JUL-2026 | synthetic_future: ₹65356.8 | actual_atm: 65400 | strikes: 170
[Decoder] 📡 UDP TICK | BANKNIFTYPE58800 | LTP: ₹1467.15
[Decoder] 📡 BSE TICK | SENSEXPE73000 | LTP: ₹12.9
[Decoder] 📡 UDP TICK | BANKNIFTYPE53100 | LTP: ₹16.7
[Decoder] 📡 UDP TICK | NIFTYCE21500 | LTP: ₹2659.35
[Decoder] 📡 BSE TICK | SENSEXCE80100 | LTP: ₹0
[Feed Decoder] 📤 Published Chain | Symbol: NIFTY | Expiry: 28-JUL-26 | synthetic_future: ₹24103.5 | actual_atm: 24100 | strikes: 236
[Feed Decoder] 📤 Published Chain | Symbol: BANKNIFTY | Expiry: 28-JUL-26 | synthetic_future: ₹57735.7 | actual_atm: 57700 | strikes: 357
[Feed Decoder] 📤 Published Chain | Symbol: FINNIFTY | Expiry: 28-JUL-26 | synthetic_future: ₹26647.5 | actual_atm: 26600 | strikes: 150
[Feed Decoder] 📤 Published Chain | Symbol: MIDCPNIFTY | Expiry: 28-JUL-26 | synthetic_future: ₹14764.1 | actual_atm: 14775 | strikes: 262
[Feed Decoder] 📤 Published Chain | Symbol: SENSEX | Expiry: 16-JUL-2026 | synthetic_future: ₹77296.6 | actual_atm: 77300 | strikes: 165
[Feed Decoder] 📤 Published Chain | Symbol: BANKEX | Expiry: 30-JUL-2026 | synthetic_future: ₹65356.8 | actual_atm: 65400 | strikes: 170
[Decoder] 📡 UDP TICK | BANKNIFTYPE60500 | LTP: ₹2796.4
[Decoder] 📡 BSE TICK | SENSEXCE77200 | LTP: ₹834.75
[Decoder] 📡 UDP TICK | NIFTYPE22650 | LTP: ₹47.25
[BSE] ❌ Unknown token: 840209
[Decoder] 📡 UDP TICK | NIFTYCE23400 | LTP: ₹731
[Decoder] 📡 BSE TICK | SENSEXCE79600 | LTP: ₹0
[Decoder] 📡 UDP TICK | FINNIFTYCE25000 | LTP: ₹2020
[Feed Decoder] 📤 Published Chain | Symbol: NIFTY | Expiry: 28-JUL-26 | synthetic_future: ₹24102.3 | actual_atm: 24100 | strikes: 236
[Feed Decoder] 📤 Published Chain | Symbol: BANKNIFTY | Expiry: 28-JUL-26 | synthetic_future: ₹57735.2 | actual_atm: 57700 | strikes: 357
[Feed Decoder] 📤 Published Chain | Symbol: FINNIFTY | Expiry: 28-JUL-26 | synthetic_future: ₹26647.5 | actual_atm: 26600 | strikes: 150
[Feed Decoder] 📤 Published Chain | Symbol: MIDCPNIFTY | Expiry: 28-JUL-26 | synthetic_future: ₹14764.1 | actual_atm: 14775 | strikes: 262
[Feed Decoder] 📤 Published Chain | Symbol: SENSEX | Expiry: 16-JUL-2026 | synthetic_future: ₹77294.6 | actual_atm: 77300 | strikes: 165
[Feed Decoder] 📤 Published Chain | Symbol: BANKEX | Expiry: 30-JUL-2026 | synthetic_future: ₹65356.8 | actual_atm: 65400 | strikes: 170
[Decoder] 📡 BSE TICK | SENSEXCE76000 | LTP: ₹1302.35
[Decoder] 📡 UDP TICK | NIFTYPE26100 | LTP: ₹1902.5
[Decoder] 📡 UDP TICK | BANKNIFTYPE63000 | LTP: ₹4995.2
[Decoder] 📡 BSE TICK | SENSEXCE76600 | LTP: ₹0
[Decoder] 📡 UDP TICK | BANKNIFTYPE58900 | LTP: ₹1372.2
[Decoder] 📡 BSE TICK | SENSEXPE77700 | LTP: ₹759.8
[Feed Decoder] 📤 Published Chain | Symbol: NIFTY | Expiry: 28-JUL-26 | synthetic_future: ₹24099.5 | actual_atm: 24100 | strikes: 236
[Feed Decoder] 📤 Published Chain | Symbol: BANKNIFTY | Expiry: 28-JUL-26 | synthetic_future: ₹57726.8 | actual_atm: 57700 | strikes: 357
[Feed Decoder] 📤 Published Chain | Symbol: FINNIFTY | Expiry: 28-JUL-26 | synthetic_future: ₹26648.1 | actual_atm: 26600 | strikes: 150
[Feed Decoder] 📤 Published Chain | Symbol: MIDCPNIFTY | Expiry: 28-JUL-26 | synthetic_future: ₹14764 | actual_atm: 14775 | strikes: 262
[Feed Decoder] 📤 Published Chain | Symbol: SENSEX | Expiry: 16-JUL-2026 | synthetic_future: ₹77284.6 | actual_atm: 77300 | strikes: 165
[Feed Decoder] 📤 Published Chain | Symbol: BANKEX | Expiry: 30-JUL-2026 | synthetic_future: ₹65356.8 | actual_atm: 65400 | strikes: 170
[Decoder] 📡 UDP TICK | FINNIFTYCE23500 | LTP: ₹0
[Decoder] 📡 UDP TICK | BANKNIFTYCE58000 | LTP: ₹516
[Decoder] 📡 BSE TICK | SENSEXPE74100 | LTP: ₹0.4
[Decoder] 📡 UDP TICK | BANKNIFTYCE57200 | LTP: ₹1566.4
[Decoder] 📡 BSE TICK | SENSEXPE74100 | LTP: ₹23.2
[Decoder] 📡 UDP TICK | MIDCPNIFTYPE14925 | LTP: ₹259
[Feed Decoder] 📤 Published Chain | Symbol: NIFTY | Expiry: 28-JUL-26 | synthetic_future: ₹24099.5 | actual_atm: 24100 | strikes: 236
[Feed Decoder] 📤 Published Chain | Symbol: BANKNIFTY | Expiry: 28-JUL-26 | synthetic_future: ₹57724 | actual_atm: 57700 | strikes: 357
[Feed Decoder] 📤 Published Chain | Symbol: FINNIFTY | Expiry: 28-JUL-26 | synthetic_future: ₹26648.1 | actual_atm: 26600 | strikes: 150
[Feed Decoder] 📤 Published Chain | Symbol: MIDCPNIFTY | Expiry: 28-JUL-26 | synthetic_future: ₹14764 | actual_atm: 14775 | strikes: 262
[Feed Decoder] 📤 Published Chain | Symbol: SENSEX | Expiry: 16-JUL-2026 | synthetic_future: ₹77285.2 | actual_atm: 77300 | strikes: 165
[Feed Decoder] 📤 Published Chain | Symbol: BANKEX | Expiry: 30-JUL-2026 | synthetic_future: ₹65356.8 | actual_atm: 65400 | strikes: 170
[Decoder] 📡 UDP TICK | BANKNIFTYCE60400 | LTP: ₹0
[Decoder] 📡 BSE TICK | SENSEXPE75000 | LTP: ₹0
[Decoder] 📡 UDP TICK | BANKNIFTYPE57400 | LTP: ₹513.5
[Decoder] 📡 BSE TICK | SENSEXPE72000 | LTP: ₹8.95
[Decoder] 📡 UDP TICK | NIFTYCE22500 | LTP: ₹1900
[Feed Decoder] 📤 Published Chain | Symbol: NIFTY | Expiry: 28-JUL-26 | synthetic_future: ₹24099 | actual_atm: 24100 | strikes: 236
[Feed Decoder] 📤 Published Chain | Symbol: BANKNIFTY | Expiry: 28-JUL-26 | synthetic_future: ₹57723.9 | actual_atm: 57700 | strikes: 357
[Feed Decoder] 📤 Published Chain | Symbol: FINNIFTY | Expiry: 28-JUL-26 | synthetic_future: ₹26648.1 | actual_atm: 26600 | strikes: 150
[Feed Decoder] 📤 Published Chain | Symbol: MIDCPNIFTY | Expiry: 28-JUL-26 | synthetic_future: ₹14764 | actual_atm: 14775 | strikes: 262
[Feed Decoder] 📤 Published Chain | Symbol: SENSEX | Expiry: 16-JUL-2026 | synthetic_future: ₹77284.8 | actual_atm: 77300 | strikes: 165
[Feed Decoder] 📤 Published Chain | Symbol: BANKEX | Expiry: 30-JUL-2026 | synthetic_future: ₹65356.8 | actual_atm: 65400 | strikes: 170
[Decoder] 📡 BSE TICK | SENSEXPE71000 | LTP: ₹0.15
[BSE] ❌ Unknown token: 4293668036
[Decoder] 📡 UDP TICK | NIFTYCE22000 | LTP: ₹2204
[Decoder] 📡 UDP TICK | BANKNIFTYCE58200 | LTP: ₹1023
[Decoder] 📡 BSE TICK | SENSEXPE71600 | LTP: ₹7.35
[Decoder] 📡 UDP TICK | NIFTYCE24950 | LTP: ₹113
[Decoder] 📡 BSE TICK | SENSEXPE76200 | LTP: ₹185
[Decoder] 📡 UDP TICK | BANKNIFTYPE55200 | LTP: ₹302.25
[Feed Decoder] 📤 Published Chain | Symbol: NIFTY | Expiry: 28-JUL-26 | synthetic_future: ₹24099.7 | actual_atm: 24100 | strikes: 236
[Feed Decoder] 📤 Published Chain | Symbol: BANKNIFTY | Expiry: 28-JUL-26 | synthetic_future: ₹57726.1 | actual_atm: 57700 | strikes: 357
[Feed Decoder] 📤 Published Chain | Symbol: FINNIFTY | Expiry: 28-JUL-26 | synthetic_future: ₹26648.1 | actual_atm: 26600 | strikes: 150
[Feed Decoder] 📤 Published Chain | Symbol: MIDCPNIFTY | Expiry: 28-JUL-26 | synthetic_future: ₹14762.5 | actual_atm: 14775 | strikes: 262
[Feed Decoder] 📤 Published Chain | Symbol: SENSEX | Expiry: 16-JUL-2026 | synthetic_future: ₹77284.8 | actual_atm: 77300 | strikes: 165
[Feed Decoder] 📤 Published Chain | Symbol: BANKEX | Expiry: 30-JUL-2026 | synthetic_future: ₹65356.8 | actual_atm: 65400 | strikes: 170
[Decoder] 📡 UDP TICK | BANKNIFTYCE59500 | LTP: ₹101.35
[Decoder] 📡 BSE TICK | SENSEXPE81000 | LTP: ₹3704.7
[Decoder] 📡 UDP TICK | NIFTYPE25000 | LTP: ₹887.5
[Decoder] 📡 UDP TICK | NIFTYCE24600 | LTP: ₹41.75
[Decoder] 📡 BSE TICK | SENSEXCE80900 | LTP: ₹0
[Decoder] 📡 UDP TICK | BANKNIFTYCE55500 | LTP: ₹2336.15
[Feed Decoder] 📤 Published Chain | Symbol: NIFTY | Expiry: 28-JUL-26 | synthetic_future: ₹24100.2 | actual_atm: 24100 | strikes: 236
[Feed Decoder] 📤 Published Chain | Symbol: BANKNIFTY | Expiry: 28-JUL-26 | synthetic_future: ₹57727.2 | actual_atm: 57700 | strikes: 357
[Feed Decoder] 📤 Published Chain | Symbol: FINNIFTY | Expiry: 28-JUL-26 | synthetic_future: ₹26648.1 | actual_atm: 26600 | strikes: 150
[Feed Decoder] 📤 Published Chain | Symbol: MIDCPNIFTY | Expiry: 28-JUL-26 | synthetic_future: ₹14762 | actual_atm: 14750 | strikes: 262
[Feed Decoder] 📤 Published Chain | Symbol: SENSEX | Expiry: 16-JUL-2026 | synthetic_future: ₹77283.1 | actual_atm: 77300 | strikes: 165
[Feed Decoder] 📤 Published Chain | Symbol: BANKEX | Expiry: 30-JUL-2026 | synthetic_future: ₹65356.8 | actual_atm: 65400 | strikes: 170
[Decoder] 📡 BSE TICK | FOCITCE36000 | LTP: ₹329
[Decoder] 📡 UDP TICK | BANKNIFTYPE58900 | LTP: ₹1588.05
[Decoder] 📡 UDP TICK | NIFTYCE25000 | LTP: ₹2330
[Decoder] 📡 BSE TICK | SENSEXCE80900 | LTP: ₹0.3
[Decoder] 📡 UDP TICK | MIDCPNIFTYCE14700 | LTP: ₹192
[Feed Decoder] 📤 Published Chain | Symbol: NIFTY | Expiry: 28-JUL-26 | synthetic_future: ₹24099.7 | actual_atm: 24100 | strikes: 236
[Feed Decoder] 📤 Published Chain | Symbol: BANKNIFTY | Expiry: 28-JUL-26 | synthetic_future: ₹57725.6 | actual_atm: 57700 | strikes: 357
[Feed Decoder] 📤 Published Chain | Symbol: FINNIFTY | Expiry: 28-JUL-26 | synthetic_future: ₹26648.1 | actual_atm: 26600 | strikes: 150
[Feed Decoder] 📤 Published Chain | Symbol: MIDCPNIFTY | Expiry: 28-JUL-26 | synthetic_future: ₹14762 | actual_atm: 14750 | strikes: 262
[Feed Decoder] 📤 Published Chain | Symbol: SENSEX | Expiry: 16-JUL-2026 | synthetic_future: ₹77285.7 | actual_atm: 77300 | strikes: 165
[Feed Decoder] 📤 Published Chain | Symbol: BANKEX | Expiry: 30-JUL-2026 | synthetic_future: ₹65356.8 | actual_atm: 65400 | strikes: 170
[Decoder] 📡 BSE TICK | SENSEXCE75300 | LTP: ₹2022.7
[Decoder] 📡 UDP TICK | FINNIFTYCE23300 | LTP: ₹0
[Decoder] 📡 UDP TICK | NIFTYPE23450 | LTP: ₹38.15
[Decoder] 📡 BSE TICK | SENSEXPE77500 | LTP: ₹646.8
[BSE] ❌ Unknown token: 1260
[Decoder] 📡 UDP TICK | NIFTYCE20000 | LTP: ₹4577
[Decoder] 📡 UDP TICK | NIFTYPE26300 | LTP: ₹2195
[Decoder] 📡 BSE TICK | SENSEXPE74500 | LTP: ₹0.4
[Feed Decoder] 📤 Published Chain | Symbol: NIFTY | Expiry: 28-JUL-26 | synthetic_future: ₹24100 | actual_atm: 24100 | strikes: 236
[Feed Decoder] 📤 Published Chain | Symbol: BANKNIFTY | Expiry: 28-JUL-26 | synthetic_future: ₹57730.9 | actual_atm: 57700 | strikes: 357
[Feed Decoder] 📤 Published Chain | Symbol: FINNIFTY | Expiry: 28-JUL-26 | synthetic_future: ₹26648.1 | actual_atm: 26600 | strikes: 150
[Feed Decoder] 📤 Published Chain | Symbol: MIDCPNIFTY | Expiry: 28-JUL-26 | synthetic_future: ₹14762.5 | actual_atm: 14775 | strikes: 262
[Feed Decoder] 📤 Published Chain | Symbol: SENSEX | Expiry: 16-JUL-2026 | synthetic_future: ₹77284.9 | actual_atm: 77300 | strikes: 165
[Feed Decoder] 📤 Published Chain | Symbol: BANKEX | Expiry: 30-JUL-2026 | synthetic_future: ₹65356.8 | actual_atm: 65400 | strikes: 170
[Decoder] 📡 UDP TICK | NIFTYNXT50CE72500 | LTP: ₹781
[Decoder] 📡 BSE TICK | FOCITCE35000 | LTP: ₹712.55
[Decoder] 📡 UDP TICK | NIFTYPE25200 | LTP: ₹1063.6
[Decoder] 📡 UDP TICK | MIDCPNIFTYPE14550 | LTP: ₹230.85
[Decoder] 📡 BSE TICK | SENSEXPE72600 | LTP: ₹0.25
[Feed Decoder] 📤 Published Chain | Symbol: NIFTY | Expiry: 28-JUL-26 | synthetic_future: ₹24098.5 | actual_atm: 24100 | strikes: 236
[Feed Decoder] 📤 Published Chain | Symbol: BANKNIFTY | Expiry: 28-JUL-26 | synthetic_future: ₹57732.3 | actual_atm: 57700 | strikes: 357
[Feed Decoder] 📤 Published Chain | Symbol: FINNIFTY | Expiry: 28-JUL-26 | synthetic_future: ₹26648.1 | actual_atm: 26600 | strikes: 150
[Feed Decoder] 📤 Published Chain | Symbol: MIDCPNIFTY | Expiry: 28-JUL-26 | synthetic_future: ₹14762 | actual_atm: 14750 | strikes: 262
[Feed Decoder] 📤 Published Chain | Symbol: SENSEX | Expiry: 16-JUL-2026 | synthetic_future: ₹77281.2 | actual_atm: 77300 | strikes: 165
[Feed Decoder] 📤 Published Chain | Symbol: BANKEX | Expiry: 30-JUL-2026 | synthetic_future: ₹65356.8 | actual_atm: 65400 | strikes: 170
[Decoder] 📡 UDP TICK | NIFTYPE24200 | LTP: ₹262.35
[Decoder] 📡 BSE TICK | SENSEXCE75000 | LTP: ₹2340
[Decoder] 📡 UDP TICK | NIFTYCE23700 | LTP: ₹480
[Decoder] 📡 UDP TICK | NIFTYPE22400 | LTP: ₹4.8
[Decoder] 📡 BSE TICK | SENSEXCE76800 | LTP: ₹1061.35
[Decoder] 📡 UDP TICK | NIFTYNXT50PE72600 | LTP: ₹902.6
[Feed Decoder] 📤 Published Chain | Symbol: NIFTY | Expiry: 28-JUL-26 | synthetic_future: ₹24098.5 | actual_atm: 24100 | strikes: 236
[Feed Decoder] 📤 Published Chain | Symbol: BANKNIFTY | Expiry: 28-JUL-26 | synthetic_future: ₹57728.7 | actual_atm: 57700 | strikes: 357
[Feed Decoder] 📤 Published Chain | Symbol: FINNIFTY | Expiry: 28-JUL-26 | synthetic_future: ₹26648.1 | actual_atm: 26600 | strikes: 150
[Feed Decoder] 📤 Published Chain | Symbol: MIDCPNIFTY | Expiry: 28-JUL-26 | synthetic_future: ₹14762.5 | actual_atm: 14775 | strikes: 262
[Feed Decoder] 📤 Published Chain | Symbol: SENSEX | Expiry: 16-JUL-2026 | synthetic_future: ₹77280.9 | actual_atm: 77300 | strikes: 165
[Feed Decoder] 📤 Published Chain | Symbol: BANKEX | Expiry: 30-JUL-2026 | synthetic_future: ₹65356.8 | actual_atm: 65400 | strikes: 170
[Decoder] 📡 BSE TICK | SENSEXPE78100 | LTP: ₹821.35
[Decoder] 📡 UDP TICK | NIFTYCE21450 | LTP: ₹0
[Decoder] 📡 BSE TICK | SENSEXCE75000 | LTP: ₹2450
[Decoder] 📡 UDP TICK | BANKNIFTYPE55100 | LTP: ₹282.2
[Decoder] 📡 UDP TICK | BANKNIFTYPE60300 | LTP: ₹1960.4
[Decoder] 📡 BSE TICK | SENSEXCE75600 | LTP: ₹1670.6
[Feed Decoder] 📤 Published Chain | Symbol: NIFTY | Expiry: 28-JUL-26 | synthetic_future: ₹24098.2 | actual_atm: 24100 | strikes: 236
[Feed Decoder] 📤 Published Chain | Symbol: BANKNIFTY | Expiry: 28-JUL-26 | synthetic_future: ₹57728.7 | actual_atm: 57700 | strikes: 357
[Feed Decoder] 📤 Published Chain | Symbol: FINNIFTY | Expiry: 28-JUL-26 | synthetic_future: ₹26648.1 | actual_atm: 26600 | strikes: 150
[Feed Decoder] 📤 Published Chain | Symbol: MIDCPNIFTY | Expiry: 28-JUL-26 | synthetic_future: ₹14762.5 | actual_atm: 14775 | strikes: 262
[Feed Decoder] 📤 Published Chain | Symbol: SENSEX | Expiry: 16-JUL-2026 | synthetic_future: ₹77279.3 | actual_atm: 77300 | strikes: 165
[Feed Decoder] 📤 Published Chain | Symbol: BANKEX | Expiry: 30-JUL-2026 | synthetic_future: ₹65356.8 | actual_atm: 65400 | strikes: 170
[Decoder] 📡 UDP TICK | BANKNIFTYPE56500 | LTP: ₹541
[BSE] ❌ Unknown token: 4281892863
[Decoder] 📡 UDP TICK | NIFTYPE24600 | LTP: ₹606
[Decoder] 📡 BSE TICK | SENSEXCE72000 | LTP: ₹0
[Decoder] 📡 UDP TICK | BANKNIFTYCE61200 | LTP: ₹17.85
[Decoder] 📡 BSE TICK | SENSEXCE79800 | LTP: ₹22.65
[Decoder] 📡 UDP TICK | BANKNIFTYPE56900 | LTP: ₹342.1
[Feed Decoder] 📤 Published Chain | Symbol: NIFTY | Expiry: 28-JUL-26 | synthetic_future: ₹24099.4 | actual_atm: 24100 | strikes: 236
[Feed Decoder] 📤 Published Chain | Symbol: BANKNIFTY | Expiry: 28-JUL-26 | synthetic_future: ₹57728.7 | actual_atm: 57700 | strikes: 357
[Feed Decoder] 📤 Published Chain | Symbol: FINNIFTY | Expiry: 28-JUL-26 | synthetic_future: ₹26648.1 | actual_atm: 26600 | strikes: 150
[Feed Decoder] 📤 Published Chain | Symbol: MIDCPNIFTY | Expiry: 28-JUL-26 | synthetic_future: ₹14762 | actual_atm: 14750 | strikes: 262
[Feed Decoder] 📤 Published Chain | Symbol: SENSEX | Expiry: 16-JUL-2026 | synthetic_future: ₹77278.1 | actual_atm: 77300 | strikes: 165
[Feed Decoder] 📤 Published Chain | Symbol: BANKEX | Expiry: 30-JUL-2026 | synthetic_future: ₹65356.8 | actual_atm: 65400 | strikes: 170
[Decoder] 📡 BSE TICK | SENSEXCE76500 | LTP: ₹783.35
[Decoder] 📡 UDP TICK | BANKNIFTYPE46000 | LTP: ₹1.85
[Decoder] 📡 UDP TICK | BANKNIFTYCE54700 | LTP: ₹0
[Decoder] 📡 BSE TICK | SENSEXCE78300 | LTP: ₹168.35
[Decoder] 📡 UDP TICK | BANKNIFTYCE49500 | LTP: ₹0
[Feed Decoder] 📤 Published Chain | Symbol: NIFTY | Expiry: 28-JUL-26 | synthetic_future: ₹24098.1 | actual_atm: 24100 | strikes: 236
[Feed Decoder] 📤 Published Chain | Symbol: BANKNIFTY | Expiry: 28-JUL-26 | synthetic_future: ₹57735 | actual_atm: 57700 | strikes: 357
[Feed Decoder] 📤 Published Chain | Symbol: FINNIFTY | Expiry: 28-JUL-26 | synthetic_future: ₹26648.1 | actual_atm: 26600 | strikes: 150
[Feed Decoder] 📤 Published Chain | Symbol: MIDCPNIFTY | Expiry: 28-JUL-26 | synthetic_future: ₹14762 | actual_atm: 14750 | strikes: 262
[Feed Decoder] 📤 Published Chain | Symbol: SENSEX | Expiry: 16-JUL-2026 | synthetic_future: ₹77279.6 | actual_atm: 77300 | strikes: 165
[Feed Decoder] 📤 Published Chain | Symbol: BANKEX | Expiry: 30-JUL-2026 | synthetic_future: ₹65356.8 | actual_atm: 65400 | strikes: 170
[Decoder] 📡 BSE TICK | SENSEXCE77700 | LTP: ₹1.85
[Decoder] 📡 UDP TICK | BANKNIFTYPE62400 | LTP: ₹0
[Decoder] 📡 UDP TICK | BANKNIFTYCE57500 | LTP: ₹1399
[Decoder] 📡 BSE TICK | SENSEXCE78900 | LTP: ₹72.75
[Decoder] 📡 UDP TICK | MIDCPNIFTYCE14525 | LTP: ₹317.2
[Decoder] 📡 BSE TICK | SENSEXCE77100 | LTP: ₹0
[Decoder] 📡 UDP TICK | BANKNIFTYPE55500 | LTP: ₹328.2
[Feed Decoder] 📤 Published Chain | Symbol: NIFTY | Expiry: 28-JUL-26 | synthetic_future: ₹24098.7 | actual_atm: 24100 | strikes: 236
[Feed Decoder] 📤 Published Chain | Symbol: BANKNIFTY | Expiry: 28-JUL-26 | synthetic_future: ₹57736.7 | actual_atm: 57700 | strikes: 357
[Feed Decoder] 📤 Published Chain | Symbol: FINNIFTY | Expiry: 28-JUL-26 | synthetic_future: ₹26648.1 | actual_atm: 26600 | strikes: 150
[Feed Decoder] 📤 Published Chain | Symbol: MIDCPNIFTY | Expiry: 28-JUL-26 | synthetic_future: ₹14761.2 | actual_atm: 14750 | strikes: 262
[Feed Decoder] 📤 Published Chain | Symbol: SENSEX | Expiry: 16-JUL-2026 | synthetic_future: ₹77277.2 | actual_atm: 77300 | strikes: 165
[Feed Decoder] 📤 Published Chain | Symbol: BANKEX | Expiry: 30-JUL-2026 | synthetic_future: ₹65356.8 | actual_atm: 65400 | strikes: 170
[Decoder] 📡 UDP TICK | BANKNIFTYCE58000 | LTP: ₹1124.95
[Decoder] 📡 BSE TICK | SENSEXCE80100 | LTP: ₹0.35
[BSE] ❌ Unknown token: 840246
[Decoder] 📡 UDP TICK | NIFTYPE25500 | LTP: ₹1249.8
[Decoder] 📡 BSE TICK | SENSEXPE77600 | LTP: ₹326.35
[Decoder] 📡 UDP TICK | BANKNIFTYCE50300 | LTP: ₹0
[Feed Decoder] 📤 Published Chain | Symbol: NIFTY | Expiry: 28-JUL-26 | synthetic_future: ₹24097.2 | actual_atm: 24100 | strikes: 236
[Feed Decoder] 📤 Published Chain | Symbol: BANKNIFTY | Expiry: 28-JUL-26 | synthetic_future: ₹57736.7 | actual_atm: 57700 | strikes: 357
[Feed Decoder] 📤 Published Chain | Symbol: FINNIFTY | Expiry: 28-JUL-26 | synthetic_future: ₹26648.1 | actual_atm: 26600 | strikes: 150
[Feed Decoder] 📤 Published Chain | Symbol: MIDCPNIFTY | Expiry: 28-JUL-26 | synthetic_future: ₹14761 | actual_atm: 14750 | strikes: 262
[Feed Decoder] 📤 Published Chain | Symbol: SENSEX | Expiry: 16-JUL-2026 | synthetic_future: ₹77277.1 | actual_atm: 77300 | strikes: 165
[Feed Decoder] 📤 Published Chain | Symbol: BANKEX | Expiry: 30-JUL-2026 | synthetic_future: ₹65356.8 | actual_atm: 65400 | strikes: 170
[Decoder] 📡 UDP TICK | NIFTYCE23650 | LTP: ₹519
[Decoder] 📡 BSE TICK | SENSEXPE75800 | LTP: ₹0.75
[Decoder] 📡 UDP TICK | NIFTYPE26000 | LTP: ₹1467.9
[Decoder] 📡 BSE TICK | SENSEXCE80100 | LTP: ₹0.35
[Decoder] 📡 UDP TICK | MIDCPNIFTYPE14900 | LTP: ₹317
[Feed Decoder] 📤 Published Chain | Symbol: NIFTY | Expiry: 28-JUL-26 | synthetic_future: ₹24096.5 | actual_atm: 24100 | strikes: 236
[Feed Decoder] 📤 Published Chain | Symbol: BANKNIFTY | Expiry: 28-JUL-26 | synthetic_future: ₹57736.7 | actual_atm: 57700 | strikes: 357
[Feed Decoder] 📤 Published Chain | Symbol: FINNIFTY | Expiry: 28-JUL-26 | synthetic_future: ₹26648.1 | actual_atm: 26600 | strikes: 150
[Feed Decoder] 📤 Published Chain | Symbol: MIDCPNIFTY | Expiry: 28-JUL-26 | synthetic_future: ₹14761 | actual_atm: 14750 | strikes: 262
[Feed Decoder] 📤 Published Chain | Symbol: SENSEX | Expiry: 16-JUL-2026 | synthetic_future: ₹77276.4 | actual_atm: 77300 | strikes: 165
[Feed Decoder] 📤 Published Chain | Symbol: BANKEX | Expiry: 30-JUL-2026 | synthetic_future: ₹65356.8 | actual_atm: 65400 | strikes: 170
[Decoder] 📡 UDP TICK | BANKNIFTYCE54500 | LTP: ₹3601.05
[Decoder] 📡 BSE TICK | SENSEXCE77100 | LTP: ₹191.05
[Decoder] 📡 UDP TICK | MIDCPNIFTYPE15625 | LTP: ₹0
[Decoder] 📡 BSE TICK | SENSEXCE76400 | LTP: ₹881.7
[Decoder] 📡 UDP TICK | MIDCPNIFTYPE14175 | LTP: ₹24
[Decoder] 📡 UDP TICK | MIDCPNIFTYPE15100 | LTP: ₹375
[Decoder] 📡 BSE TICK | SENSEXPE75400 | LTP: ₹0
[Feed Decoder] 📤 Published Chain | Symbol: NIFTY | Expiry: 28-JUL-26 | synthetic_future: ₹24097.8 | actual_atm: 24100 | strikes: 236
[Feed Decoder] 📤 Published Chain | Symbol: BANKNIFTY | Expiry: 28-JUL-26 | synthetic_future: ₹57733.3 | actual_atm: 57700 | strikes: 357
[Feed Decoder] 📤 Published Chain | Symbol: FINNIFTY | Expiry: 28-JUL-26 | synthetic_future: ₹26648.1 | actual_atm: 26600 | strikes: 150
[Feed Decoder] 📤 Published Chain | Symbol: MIDCPNIFTY | Expiry: 28-JUL-26 | synthetic_future: ₹14760.3 | actual_atm: 14750 | strikes: 262
[Feed Decoder] 📤 Published Chain | Symbol: SENSEX | Expiry: 16-JUL-2026 | synthetic_future: ₹77276.9 | actual_atm: 77300 | strikes: 165
[Feed Decoder] 📤 Published Chain | Symbol: BANKEX | Expiry: 30-JUL-2026 | synthetic_future: ₹65356.8 | actual_atm: 65400 | strikes: 170
[Decoder] 📡 UDP TICK | NIFTYPE25500 | LTP: ₹1309
[Decoder] 📡 BSE TICK | SENSEXCE78300 | LTP: ₹0
[Decoder] 📡 UDP TICK | BANKNIFTYPE58800 | LTP: ₹1301.85
[Decoder] 📡 UDP TICK | MIDCPNIFTYPE14625 | LTP: ₹114
[Decoder] 📡 BSE TICK | BANKEXCE67500 | LTP: ₹132.85
[Feed Decoder] 📤 Published Chain | Symbol: NIFTY | Expiry: 28-JUL-26 | synthetic_future: ₹24097 | actual_atm: 24100 | strikes: 236
[Feed Decoder] 📤 Published Chain | Symbol: BANKNIFTY | Expiry: 28-JUL-26 | synthetic_future: ₹57732.3 | actual_atm: 57700 | strikes: 357
[Feed Decoder] 📤 Published Chain | Symbol: FINNIFTY | Expiry: 28-JUL-26 | synthetic_future: ₹26648.1 | actual_atm: 26600 | strikes: 150
[Feed Decoder] 📤 Published Chain | Symbol: MIDCPNIFTY | Expiry: 28-JUL-26 | synthetic_future: ₹14761 | actual_atm: 14750 | strikes: 262
[Feed Decoder] 📤 Published Chain | Symbol: SENSEX | Expiry: 16-JUL-2026 | synthetic_future: ₹77275.4 | actual_atm: 77300 | strikes: 165
[Feed Decoder] 📤 Published Chain | Symbol: BANKEX | Expiry: 30-JUL-2026 | synthetic_future: ₹65356.8 | actual_atm: 65400 | strikes: 170
[Decoder] 📡 UDP TICK | NIFTYPE27000 | LTP: ₹2240
[Decoder] 📡 BSE TICK | SENSEXCE79400 | LTP: ₹35.1
[BSE] ❌ Unknown token: 12440
[Decoder] 📡 UDP TICK | MIDCPNIFTYPE14100 | LTP: ₹16.6
[Decoder] 📡 UDP TICK | BANKNIFTYPE55900 | LTP: ₹142.75
[Decoder] 📡 BSE TICK | SENSEXCE77000 | LTP: ₹957.9
[Decoder] 📡 UDP TICK | BANKNIFTYPE56800 | LTP: ₹630.5
[Feed Decoder] 📤 Published Chain | Symbol: NIFTY | Expiry: 28-JUL-26 | synthetic_future: ₹24097 | actual_atm: 24100 | strikes: 236
[Feed Decoder] 📤 Published Chain | Symbol: BANKNIFTY | Expiry: 28-JUL-26 | synthetic_future: ₹57732.3 | actual_atm: 57700 | strikes: 357
[Feed Decoder] 📤 Published Chain | Symbol: FINNIFTY | Expiry: 28-JUL-26 | synthetic_future: ₹26648.1 | actual_atm: 26600 | strikes: 150
[Feed Decoder] 📤 Published Chain | Symbol: MIDCPNIFTY | Expiry: 28-JUL-26 | synthetic_future: ₹14760 | actual_atm: 14750 | strikes: 262
[Feed Decoder] 📤 Published Chain | Symbol: SENSEX | Expiry: 16-JUL-2026 | synthetic_future: ₹77278 | actual_atm: 77300 | strikes: 165
[Feed Decoder] 📤 Published Chain | Symbol: BANKEX | Expiry: 30-JUL-2026 | synthetic_future: ₹65356.8 | actual_atm: 65400 | strikes: 170
[Decoder] 📡 BSE TICK | SENSEXCE77600 | LTP: ₹394.5
[Decoder] 📡 UDP TICK | BANKNIFTYPE49000 | LTP: ₹5
[Decoder] 📡 UDP TICK | BANKNIFTYCE65500 | LTP: ₹2
[Decoder] 📡 BSE TICK | SENSEXCE78200 | LTP: ₹0.85
[Decoder] 📡 UDP TICK | BANKNIFTYCE51500 | LTP: ₹0
[Decoder] 📡 BSE TICK | SENSEXPE80500 | LTP: ₹0
[Feed Decoder] 📤 Published Chain | Symbol: NIFTY | Expiry: 28-JUL-26 | synthetic_future: ₹24098.8 | actual_atm: 24100 | strikes: 236
[Feed Decoder] 📤 Published Chain | Symbol: BANKNIFTY | Expiry: 28-JUL-26 | synthetic_future: ₹57734.5 | actual_atm: 57700 | strikes: 357
[Feed Decoder] 📤 Published Chain | Symbol: FINNIFTY | Expiry: 28-JUL-26 | synthetic_future: ₹26648.1 | actual_atm: 26600 | strikes: 150
[Feed Decoder] 📤 Published Chain | Symbol: MIDCPNIFTY | Expiry: 28-JUL-26 | synthetic_future: ₹14760.3 | actual_atm: 14750 | strikes: 262
[Feed Decoder] 📤 Published Chain | Symbol: SENSEX | Expiry: 16-JUL-2026 | synthetic_future: ₹77281.3 | actual_atm: 77300 | strikes: 165
[Feed Decoder] 📤 Published Chain | Symbol: BANKEX | Expiry: 30-JUL-2026 | synthetic_future: ₹65356.8 | actual_atm: 65400 | strikes: 170
[Decoder] 📡 UDP TICK | NIFTYCE22500 | LTP: ₹1900
[Decoder] 📡 UDP TICK | NIFTYPE23000 | LTP: ₹144.9
[Decoder] 📡 BSE TICK | SENSEXPE76900 | LTP: ₹0
[Decoder] 📡 UDP TICK | NIFTYPE30000 | LTP: ₹5507.15
[Decoder] 📡 BSE TICK | SENSEXPE76900 | LTP: ₹3.65
[Decoder] 📡 UDP TICK | NIFTYCE25500 | LTP: ₹132
[Feed Decoder] 📤 Published Chain | Symbol: NIFTY | Expiry: 28-JUL-26 | synthetic_future: ₹24097.9 | actual_atm: 24100 | strikes: 236
[Feed Decoder] 📤 Published Chain | Symbol: BANKNIFTY | Expiry: 28-JUL-26 | synthetic_future: ₹57733.2 | actual_atm: 57700 | strikes: 357
[Feed Decoder] 📤 Published Chain | Symbol: FINNIFTY | Expiry: 28-JUL-26 | synthetic_future: ₹26648.1 | actual_atm: 26600 | strikes: 150
[Feed Decoder] 📤 Published Chain | Symbol: MIDCPNIFTY | Expiry: 28-JUL-26 | synthetic_future: ₹14760 | actual_atm: 14750 | strikes: 262
[Feed Decoder] 📤 Published Chain | Symbol: SENSEX | Expiry: 16-JUL-2026 | synthetic_future: ₹77278.4 | actual_atm: 77300 | strikes: 165
[Feed Decoder] 📤 Published Chain | Symbol: BANKEX | Expiry: 30-JUL-2026 | synthetic_future: ₹65356.8 | actual_atm: 65400 | strikes: 170
[Decoder] 📡 BSE TICK | SENSEXCE76700 | LTP: ₹908.95
[Decoder] 📡 UDP TICK | BANKNIFTYCE60100 | LTP: ₹50.65
[Decoder] 📡 UDP TICK | BANKNIFTYCE58800 | LTP: ₹232.85
[Decoder] 📡 BSE TICK | SENSEXPE74000 | LTP: ₹21.45
[Decoder] 📡 UDP TICK | FINNIFTYCE26100 | LTP: ₹745.75
[Feed Decoder] 📤 Published Chain | Symbol: NIFTY | Expiry: 28-JUL-26 | synthetic_future: ₹24098.3 | actual_atm: 24100 | strikes: 236
[Feed Decoder] 📤 Published Chain | Symbol: BANKNIFTY | Expiry: 28-JUL-26 | synthetic_future: ₹57735.1 | actual_atm: 57700 | strikes: 357
[Feed Decoder] 📤 Published Chain | Symbol: FINNIFTY | Expiry: 28-JUL-26 | synthetic_future: ₹26648.1 | actual_atm: 26600 | strikes: 150
[Feed Decoder] 📤 Published Chain | Symbol: MIDCPNIFTY | Expiry: 28-JUL-26 | synthetic_future: ₹14760 | actual_atm: 14750 | strikes: 262
[Feed Decoder] 📤 Published Chain | Symbol: SENSEX | Expiry: 16-JUL-2026 | synthetic_future: ₹77277.6 | actual_atm: 77300 | strikes: 165
[Feed Decoder] 📤 Published Chain | Symbol: BANKEX | Expiry: 30-JUL-2026 | synthetic_future: ₹65356.8 | actual_atm: 65400 | strikes: 170
[Decoder] 📡 UDP TICK | NIFTYPE25100 | LTP: ₹1002.55
[BSE] ❌ Unknown token: 840363
[Decoder] 📡 BSE TICK | SENSEXCE76600 | LTP: ₹676.7
[Decoder] 📡 UDP TICK | BANKNIFTYPE55800 | LTP: ₹133.45
[Decoder] 📡 BSE TICK | SENSEXCE75400 | LTP: ₹1938
[Decoder] 📡 UDP TICK | BANKNIFTYCE59900 | LTP: ₹64.9
[Feed Decoder] 📤 Published Chain | Symbol: NIFTY | Expiry: 28-JUL-26 | synthetic_future: ₹24098.4 | actual_atm: 24100 | strikes: 236
[Feed Decoder] 📤 Published Chain | Symbol: BANKNIFTY | Expiry: 28-JUL-26 | synthetic_future: ₹57733.9 | actual_atm: 57700 | strikes: 357
[Feed Decoder] 📤 Published Chain | Symbol: FINNIFTY | Expiry: 28-JUL-26 | synthetic_future: ₹26648.1 | actual_atm: 26600 | strikes: 150
[Feed Decoder] 📤 Published Chain | Symbol: MIDCPNIFTY | Expiry: 28-JUL-26 | synthetic_future: ₹14760 | actual_atm: 14750 | strikes: 262
[Feed Decoder] 📤 Published Chain | Symbol: SENSEX | Expiry: 16-JUL-2026 | synthetic_future: ₹77276.9 | actual_atm: 77300 | strikes: 165
[Feed Decoder] 📤 Published Chain | Symbol: BANKEX | Expiry: 30-JUL-2026 | synthetic_future: ₹65356.8 | actual_atm: 65400 | strikes: 170
[Decoder] 📡 UDP TICK | NIFTYNXT50PE71300 | LTP: ₹0
[Decoder] 📡 BSE TICK | SENSEXPE78900 | LTP: ₹1600
[Decoder] 📡 UDP TICK | BANKNIFTYCE57000 | LTP: ₹3607
[Decoder] 📡 BSE TICK | SENSEXCE73100 | LTP: ₹0
[Decoder] 📡 UDP TICK | NIFTYCE25150 | LTP: ₹75.05
[Decoder] 📡 UDP TICK | NIFTYCE24150 | LTP: ₹421
[Decoder] 📡 BSE TICK | SENSEXPE77700 | LTP: ₹1016.5
[Feed Decoder] 📤 Published Chain | Symbol: NIFTY | Expiry: 28-JUL-26 | synthetic_future: ₹24097.3 | actual_atm: 24100 | strikes: 236
[Feed Decoder] 📤 Published Chain | Symbol: BANKNIFTY | Expiry: 28-JUL-26 | synthetic_future: ₹57729.2 | actual_atm: 57700 | strikes: 357
[Feed Decoder] 📤 Published Chain | Symbol: FINNIFTY | Expiry: 28-JUL-26 | synthetic_future: ₹26648.1 | actual_atm: 26600 | strikes: 150
[Feed Decoder] 📤 Published Chain | Symbol: MIDCPNIFTY | Expiry: 28-JUL-26 | synthetic_future: ₹14760.1 | actual_atm: 14750 | strikes: 262
[Feed Decoder] 📤 Published Chain | Symbol: SENSEX | Expiry: 16-JUL-2026 | synthetic_future: ₹77273 | actual_atm: 77300 | strikes: 165
[Feed Decoder] 📤 Published Chain | Symbol: BANKEX | Expiry: 30-JUL-2026 | synthetic_future: ₹65356.8 | actual_atm: 65400 | strikes: 170
[Decoder] 📡 UDP TICK | NIFTYCE25200 | LTP: ₹67.05
[Decoder] 📡 BSE TICK | SENSEXCE78500 | LTP: ₹300
[Decoder] 📡 UDP TICK | NIFTYPE22100 | LTP: ₹23.95
[Decoder] 📡 UDP TICK | NIFTYPE23800 | LTP: ₹238.4
[Decoder] 📡 BSE TICK | SENSEXCE76000 | LTP: ₹0
[Feed Decoder] 📤 Published Chain | Symbol: NIFTY | Expiry: 28-JUL-26 | synthetic_future: ₹24096.2 | actual_atm: 24100 | strikes: 236
[Feed Decoder] 📤 Published Chain | Symbol: BANKNIFTY | Expiry: 28-JUL-26 | synthetic_future: ₹57729.2 | actual_atm: 57700 | strikes: 357
[Feed Decoder] 📤 Published Chain | Symbol: FINNIFTY | Expiry: 28-JUL-26 | synthetic_future: ₹26648.1 | actual_atm: 26600 | strikes: 150
[Feed Decoder] 📤 Published Chain | Symbol: MIDCPNIFTY | Expiry: 28-JUL-26 | synthetic_future: ₹14760 | actual_atm: 14750 | strikes: 262
[Feed Decoder] 📤 Published Chain | Symbol: SENSEX | Expiry: 16-JUL-2026 | synthetic_future: ₹77271.9 | actual_atm: 77300 | strikes: 165
[Feed Decoder] 📤 Published Chain | Symbol: BANKEX | Expiry: 30-JUL-2026 | synthetic_future: ₹65356.8 | actual_atm: 65400 | strikes: 170
[Decoder] 📡 UDP TICK | BANKNIFTYPE55700 | LTP: ₹487.9
[Decoder] 📡 BSE TICK | SENSEXCE80900 | LTP: ₹0
[Decoder] 📡 UDP TICK | FINNIFTYCE27300 | LTP: ₹71.3
[Decoder] 📡 UDP TICK | BANKNIFTYPE62000 | LTP: ₹4236.4
[Decoder] 📡 BSE TICK | SENSEXCE76700 | LTP: ₹908.95
[BSE] ❌ Unknown token: 2147418115
[Decoder] 📡 UDP TICK | BANKNIFTYCE46000 | LTP: ₹11580
[Feed Decoder] 📤 Published Chain | Symbol: NIFTY | Expiry: 28-JUL-26 | synthetic_future: ₹24097.2 | actual_atm: 24100 | strikes: 236
[Feed Decoder] 📤 Published Chain | Symbol: BANKNIFTY | Expiry: 28-JUL-26 | synthetic_future: ₹57729.8 | actual_atm: 57700 | strikes: 357
[Feed Decoder] 📤 Published Chain | Symbol: FINNIFTY | Expiry: 28-JUL-26 | synthetic_future: ₹26648.1 | actual_atm: 26600 | strikes: 150
[Feed Decoder] 📤 Published Chain | Symbol: MIDCPNIFTY | Expiry: 28-JUL-26 | synthetic_future: ₹14761 | actual_atm: 14750 | strikes: 262
[Feed Decoder] 📤 Published Chain | Symbol: SENSEX | Expiry: 16-JUL-2026 | synthetic_future: ₹77272.6 | actual_atm: 77300 | strikes: 165
[Feed Decoder] 📤 Published Chain | Symbol: BANKEX | Expiry: 30-JUL-2026 | synthetic_future: ₹65356.8 | actual_atm: 65400 | strikes: 170
[Decoder] 📡 BSE TICK | SENSEXPE74500 | LTP: ₹0
[Decoder] 📡 UDP TICK | BANKNIFTYCE60000 | LTP: ₹359.75
[Decoder] 📡 UDP TICK | NIFTYPE22500 | LTP: ₹5.35
[Decoder] 📡 BSE TICK | SENSEXPE75500 | LTP: ₹0.65
[Decoder] 📡 UDP TICK | NIFTYPE25800 | LTP: ₹1691.2
[Feed Decoder] 📤 Published Chain | Symbol: NIFTY | Expiry: 28-JUL-26 | synthetic_future: ₹24096.2 | actual_atm: 24100 | strikes: 236
[Feed Decoder] 📤 Published Chain | Symbol: BANKNIFTY | Expiry: 28-JUL-26 | synthetic_future: ₹57729.5 | actual_atm: 57700 | strikes: 357
[Feed Decoder] 📤 Published Chain | Symbol: FINNIFTY | Expiry: 28-JUL-26 | synthetic_future: ₹26648.1 | actual_atm: 26600 | strikes: 150
[Feed Decoder] 📤 Published Chain | Symbol: MIDCPNIFTY | Expiry: 28-JUL-26 | synthetic_future: ₹14760.6 | actual_atm: 14750 | strikes: 262
[Feed Decoder] 📤 Published Chain | Symbol: SENSEX | Expiry: 16-JUL-2026 | synthetic_future: ₹77270.4 | actual_atm: 77300 | strikes: 165
[Feed Decoder] 📤 Published Chain | Symbol: BANKEX | Expiry: 30-JUL-2026 | synthetic_future: ₹65356.8 | actual_atm: 65400 | strikes: 170
[Decoder] 📡 UDP TICK | MIDCPNIFTYCE14350 | LTP: ₹487.75
[Decoder] 📡 BSE TICK | SENSEXPE76000 | LTP: ₹300
[Decoder] 📡 UDP TICK | NIFTYPE23000 | LTP: ₹13.3
[Decoder] 📡 BSE TICK | SENSEXCE78000 | LTP: ₹466.1
[Decoder] 📡 UDP TICK | NIFTYCE24000 | LTP: ₹264.5
[Feed Decoder] 📤 Published Chain | Symbol: NIFTY | Expiry: 28-JUL-26 | synthetic_future: ₹24096.3 | actual_atm: 24100 | strikes: 236
[Feed Decoder] 📤 Published Chain | Symbol: BANKNIFTY | Expiry: 28-JUL-26 | synthetic_future: ₹57729.6 | actual_atm: 57700 | strikes: 357
[Feed Decoder] 📤 Published Chain | Symbol: FINNIFTY | Expiry: 28-JUL-26 | synthetic_future: ₹26648.1 | actual_atm: 26600 | strikes: 150
[Feed Decoder] 📤 Published Chain | Symbol: MIDCPNIFTY | Expiry: 28-JUL-26 | synthetic_future: ₹14763.3 | actual_atm: 14775 | strikes: 262
[Feed Decoder] 📤 Published Chain | Symbol: SENSEX | Expiry: 16-JUL-2026 | synthetic_future: ₹77273.4 | actual_atm: 77300 | strikes: 165
[Feed Decoder] 📤 Published Chain | Symbol: BANKEX | Expiry: 30-JUL-2026 | synthetic_future: ₹65356.8 | actual_atm: 65400 | strikes: 170
[Decoder] 📡 UDP TICK | NIFTYPE23300 | LTP: ₹119.4
[Decoder] 📡 BSE TICK | SENSEXPE78200 | LTP: ₹928.15
[Decoder] 📡 UDP TICK | NIFTYPE22950 | LTP: ₹11.7
[Decoder] 📡 BSE TICK | SENSEXPE74400 | LTP: ₹88
[Decoder] 📡 UDP TICK | NIFTYPE26000 | LTP: ₹1784.95
[Decoder] 📡 UDP TICK | BANKNIFTYCE46000 | LTP: ₹11580
[Decoder] 📡 BSE TICK | SENSEXCE76200 | LTP: ₹0
[Feed Decoder] 📤 Published Chain | Symbol: NIFTY | Expiry: 28-JUL-26 | synthetic_future: ₹24096.3 | actual_atm: 24100 | strikes: 236
[Feed Decoder] 📤 Published Chain | Symbol: BANKNIFTY | Expiry: 28-JUL-26 | synthetic_future: ₹57729.6 | actual_atm: 57700 | strikes: 357
[Feed Decoder] 📤 Published Chain | Symbol: FINNIFTY | Expiry: 28-JUL-26 | synthetic_future: ₹26648.1 | actual_atm: 26600 | strikes: 150
[Feed Decoder] 📤 Published Chain | Symbol: MIDCPNIFTY | Expiry: 28-JUL-26 | synthetic_future: ₹14763.3 | actual_atm: 14775 | strikes: 262
[Feed Decoder] 📤 Published Chain | Symbol: SENSEX | Expiry: 16-JUL-2026 | synthetic_future: ₹77270 | actual_atm: 77300 | strikes: 165
[Feed Decoder] 📤 Published Chain | Symbol: BANKEX | Expiry: 30-JUL-2026 | synthetic_future: ₹65356.8 | actual_atm: 65400 | strikes: 170
[Decoder] 📡 UDP TICK | NIFTYPE23400 | LTP: ₹137.6
[Decoder] 📡 BSE TICK | SENSEXCE79300 | LTP: ₹40.5
[Decoder] 📡 UDP TICK | MIDCPNIFTYPE14925 | LTP: ₹259
[BSE] ❌ Unknown token: 4293689343
[Decoder] 📡 UDP TICK | NIFTYCE24000 | LTP: ₹732
[Decoder] 📡 BSE TICK | SENSEXPE83500 | LTP: ₹0
[Feed Decoder] 📤 Published Chain | Symbol: NIFTY | Expiry: 28-JUL-26 | synthetic_future: ₹24096.8 | actual_atm: 24100 | strikes: 236
[Feed Decoder] 📤 Published Chain | Symbol: BANKNIFTY | Expiry: 28-JUL-26 | synthetic_future: ₹57729.6 | actual_atm: 57700 | strikes: 357
[Feed Decoder] 📤 Published Chain | Symbol: FINNIFTY | Expiry: 28-JUL-26 | synthetic_future: ₹26648.1 | actual_atm: 26600 | strikes: 150
[Feed Decoder] 📤 Published Chain | Symbol: MIDCPNIFTY | Expiry: 28-JUL-26 | synthetic_future: ₹14760.2 | actual_atm: 14750 | strikes: 262
[Feed Decoder] 📤 Published Chain | Symbol: SENSEX | Expiry: 16-JUL-2026 | synthetic_future: ₹77272.9 | actual_atm: 77300 | strikes: 165
[Feed Decoder] 📤 Published Chain | Symbol: BANKEX | Expiry: 30-JUL-2026 | synthetic_future: ₹65356.8 | actual_atm: 65400 | strikes: 170
[Decoder] 📡 UDP TICK | NIFTYCE25300 | LTP: ₹53.7
[Decoder] 📡 BSE TICK | SENSEXPE82000 | LTP: ₹4710
[Decoder] 📡 UDP TICK | MIDCPNIFTYCE14000 | LTP: ₹880.2
[Decoder] 📡 UDP TICK | BANKNIFTYCE59500 | LTP: ₹102.35
[Decoder] 📡 BSE TICK | SENSEXPE82500 | LTP: ₹5235
[Decoder] 📡 UDP TICK | NIFTYPE25000 | LTP: ₹890
[Feed Decoder] 📤 Published Chain | Symbol: NIFTY | Expiry: 28-JUL-26 | synthetic_future: ₹24095.8 | actual_atm: 24100 | strikes: 236
[Feed Decoder] 📤 Published Chain | Symbol: BANKNIFTY | Expiry: 28-JUL-26 | synthetic_future: ₹57729 | actual_atm: 57700 | strikes: 357
[Feed Decoder] 📤 Published Chain | Symbol: FINNIFTY | Expiry: 28-JUL-26 | synthetic_future: ₹26648.1 | actual_atm: 26600 | strikes: 150
[Feed Decoder] 📤 Published Chain | Symbol: MIDCPNIFTY | Expiry: 28-JUL-26 | synthetic_future: ₹14760.2 | actual_atm: 14750 | strikes: 262
[Feed Decoder] 📤 Published Chain | Symbol: SENSEX | Expiry: 16-JUL-2026 | synthetic_future: ₹77272.1 | actual_atm: 77300 | strikes: 165
[Feed Decoder] 📤 Published Chain | Symbol: BANKEX | Expiry: 30-JUL-2026 | synthetic_future: ₹65356.8 | actual_atm: 65400 | strikes: 170
[Decoder] 📡 UDP TICK | NIFTYPE24200 | LTP: ₹394.1
[Decoder] 📡 BSE TICK | SENSEXPE77100 | LTP: ₹654.75
[Decoder] 📡 UDP TICK | BANKNIFTYPE59000 | LTP: ₹1449.05
[Decoder] 📡 BSE TICK | SENSEXPE83000 | LTP: ₹0
[Decoder] 📡 UDP TICK | NIFTYPE22700 | LTP: ₹51.1
[Feed Decoder] 📤 Published Chain | Symbol: NIFTY | Expiry: 28-JUL-26 | synthetic_future: ₹24095.8 | actual_atm: 24100 | strikes: 236
[Feed Decoder] 📤 Published Chain | Symbol: BANKNIFTY | Expiry: 28-JUL-26 | synthetic_future: ₹57729 | actual_atm: 57700 | strikes: 357
[Feed Decoder] 📤 Published Chain | Symbol: FINNIFTY | Expiry: 28-JUL-26 | synthetic_future: ₹26648.1 | actual_atm: 26600 | strikes: 150
[Feed Decoder] 📤 Published Chain | Symbol: MIDCPNIFTY | Expiry: 28-JUL-26 | synthetic_future: ₹14760.2 | actual_atm: 14750 | strikes: 262
[Feed Decoder] 📤 Published Chain | Symbol: SENSEX | Expiry: 16-JUL-2026 | synthetic_future: ₹77267.7 | actual_atm: 77300 | strikes: 165
[Feed Decoder] 📤 Published Chain | Symbol: BANKEX | Expiry: 30-JUL-2026 | synthetic_future: ₹65356.8 | actual_atm: 65400 | strikes: 170
[Decoder] 📡 UDP TICK | BANKNIFTYPE55400 | LTP: ₹92.25
[Decoder] 📡 BSE TICK | SENSEXPE79400 | LTP: ₹0
[Decoder] 📡 UDP TICK | NIFTYCE25450 | LTP: ₹39.2
[Decoder] 📡 BSE TICK | SENSEXPE67400 | LTP: ₹0
[Decoder] 📡 UDP TICK | BANKNIFTYCE58200 | LTP: ₹428.7
[Feed Decoder] 📤 Published Chain | Symbol: NIFTY | Expiry: 28-JUL-26 | synthetic_future: ₹24095.2 | actual_atm: 24100 | strikes: 236
[Feed Decoder] 📤 Published Chain | Symbol: BANKNIFTY | Expiry: 28-JUL-26 | synthetic_future: ₹57724.2 | actual_atm: 57700 | strikes: 357
[Feed Decoder] 📤 Published Chain | Symbol: FINNIFTY | Expiry: 28-JUL-26 | synthetic_future: ₹26648.1 | actual_atm: 26600 | strikes: 150
[Feed Decoder] 📤 Published Chain | Symbol: MIDCPNIFTY | Expiry: 28-JUL-26 | synthetic_future: ₹14760.2 | actual_atm: 14750 | strikes: 262
[Feed Decoder] 📤 Published Chain | Symbol: SENSEX | Expiry: 16-JUL-2026 | synthetic_future: ₹77269.6 | actual_atm: 77300 | strikes: 165
[Feed Decoder] 📤 Published Chain | Symbol: BANKEX | Expiry: 30-JUL-2026 | synthetic_future: ₹65356.8 | actual_atm: 65400 | strikes: 170
[Decoder] 📡 UDP TICK | NIFTYPE23050 | LTP: ₹14.5
[Decoder] 📡 BSE TICK | SENSEXCE79000 | LTP: ₹182.35
[BSE] ❌ Unknown token: 1108901887
[Decoder] 📡 UDP TICK | BANKNIFTYPE59300 | LTP: ₹1800.4
[Decoder] 📡 BSE TICK | SENSEXCE70000 | LTP: ₹7480
[Decoder] 📡 UDP TICK | NIFTYPE23000 | LTP: ₹144.9
[Decoder] 📡 UDP TICK | NIFTYCE26300 | LTP: ₹8.45
[Decoder] 📡 BSE TICK | SENSEXCE77200 | LTP: ₹585
[Feed Decoder] 📤 Published Chain | Symbol: NIFTY | Expiry: 28-JUL-26 | synthetic_future: ₹24095.2 | actual_atm: 24100 | strikes: 236
[Feed Decoder] 📤 Published Chain | Symbol: BANKNIFTY | Expiry: 28-JUL-26 | synthetic_future: ₹57723.4 | actual_atm: 57700 | strikes: 357
[Feed Decoder] 📤 Published Chain | Symbol: FINNIFTY | Expiry: 28-JUL-26 | synthetic_future: ₹26648.1 | actual_atm: 26600 | strikes: 150
[Feed Decoder] 📤 Published Chain | Symbol: MIDCPNIFTY | Expiry: 28-JUL-26 | synthetic_future: ₹14760.2 | actual_atm: 14750 | strikes: 262
[Feed Decoder] 📤 Published Chain | Symbol: SENSEX | Expiry: 16-JUL-2026 | synthetic_future: ₹77266.2 | actual_atm: 77300 | strikes: 165
[Feed Decoder] 📤 Published Chain | Symbol: BANKEX | Expiry: 30-JUL-2026 | synthetic_future: ₹65356.8 | actual_atm: 65400 | strikes: 170
[Decoder] 📡 UDP TICK | BANKNIFTYPE56700 | LTP: ₹292.6
[Decoder] 📡 BSE TICK | SENSEXCE75400 | LTP: ₹1938
[Decoder] 📡 UDP TICK | NIFTYCE25150 | LTP: ₹5.75
[Decoder] 📡 BSE TICK | SENSEXPE71000 | LTP: ₹0.1
[Decoder] 📡 UDP TICK | NIFTYCE24500 | LTP: ₹60.8
[Decoder] 📡 UDP TICK | MIDCPNIFTYPE15175 | LTP: ₹382.2
[Feed Decoder] 📤 Published Chain | Symbol: NIFTY | Expiry: 28-JUL-26 | synthetic_future: ₹24093.8 | actual_atm: 24100 | strikes: 236
[Feed Decoder] 📤 Published Chain | Symbol: BANKNIFTY | Expiry: 28-JUL-26 | synthetic_future: ₹57721.1 | actual_atm: 57700 | strikes: 357
[Feed Decoder] 📤 Published Chain | Symbol: FINNIFTY | Expiry: 28-JUL-26 | synthetic_future: ₹26648.1 | actual_atm: 26600 | strikes: 150
[Feed Decoder] 📤 Published Chain | Symbol: MIDCPNIFTY | Expiry: 28-JUL-26 | synthetic_future: ₹14760.2 | actual_atm: 14750 | strikes: 262
[Feed Decoder] 📤 Published Chain | Symbol: SENSEX | Expiry: 16-JUL-2026 | synthetic_future: ₹77257.6 | actual_atm: 77300 | strikes: 165
[Feed Decoder] 📤 Published Chain | Symbol: BANKEX | Expiry: 30-JUL-2026 | synthetic_future: ₹65356.8 | actual_atm: 65400 | strikes: 170
[Decoder] 📡 BSE TICK | SENSEXPE77600 | LTP: ₹925
[Decoder] 📡 UDP TICK | NIFTYPE24050 | LTP: ₹191
[Decoder] 📡 BSE TICK | SENSEXCE76800 | LTP: ₹823.05
[Decoder] 📡 UDP TICK | BANKNIFTYPE56500 | LTP: ₹245.15
[Decoder] 📡 BSE TICK | SENSEXPE74600 | LTP: ₹0
[Decoder] 📡 UDP TICK | BANKNIFTYPE64500 | LTP: ₹0
[Feed Decoder] 📤 Published Chain | Symbol: NIFTY | Expiry: 28-JUL-26 | synthetic_future: ₹24093.8 | actual_atm: 24100 | strikes: 236
[Feed Decoder] 📤 Published Chain | Symbol: BANKNIFTY | Expiry: 28-JUL-26 | synthetic_future: ₹57722.9 | actual_atm: 57700 | strikes: 357
[Feed Decoder] 📤 Published Chain | Symbol: FINNIFTY | Expiry: 28-JUL-26 | synthetic_future: ₹26648.1 | actual_atm: 26600 | strikes: 150
[Feed Decoder] 📤 Published Chain | Symbol: MIDCPNIFTY | Expiry: 28-JUL-26 | synthetic_future: ₹14760.2 | actual_atm: 14750 | strikes: 262
[Feed Decoder] 📤 Published Chain | Symbol: SENSEX | Expiry: 16-JUL-2026 | synthetic_future: ₹77257.6 | actual_atm: 77300 | strikes: 165
[Feed Decoder] 📤 Published Chain | Symbol: BANKEX | Expiry: 30-JUL-2026 | synthetic_future: ₹65356.8 | actual_atm: 65400 | strikes: 170
[Decoder] 📡 UDP TICK | BANKNIFTYPE63300 | LTP: ₹0
[Decoder] 📡 BSE TICK | SENSEXPE79200 | LTP: ₹0
[Decoder] 📡 UDP TICK | NIFTYCE27000 | LTP: ₹1297.95
[Decoder] 📡 BSE TICK | SENSEXCE80000 | LTP: ₹71.2
[BSE] ❌ Unknown token: 840690
[Decoder] 📡 UDP TICK | BANKNIFTYCE57600 | LTP: ₹1354
[Feed Decoder] 📤 Published Chain | Symbol: NIFTY | Expiry: 28-JUL-26 | synthetic_future: ₹24094.3 | actual_atm: 24100 | strikes: 236
[Feed Decoder] 📤 Published Chain | Symbol: BANKNIFTY | Expiry: 28-JUL-26 | synthetic_future: ₹57726 | actual_atm: 57700 | strikes: 357
[Feed Decoder] 📤 Published Chain | Symbol: FINNIFTY | Expiry: 28-JUL-26 | synthetic_future: ₹26648.1 | actual_atm: 26600 | strikes: 150
[Decoder] 📡 BSE TICK | SENSEXPE77500 | LTP: ₹653.55
[Feed Decoder] 📤 Published Chain | Symbol: MIDCPNIFTY | Expiry: 28-JUL-26 | synthetic_future: ₹14760.2 | actual_atm: 14750 | strikes: 262
[Feed Decoder] 📤 Published Chain | Symbol: SENSEX | Expiry: 16-JUL-2026 | synthetic_future: ₹77261.7 | actual_atm: 77300 | strikes: 165
[Feed Decoder] 📤 Published Chain | Symbol: BANKEX | Expiry: 30-JUL-2026 | synthetic_future: ₹65356.8 | actual_atm: 65400 | strikes: 170
[Decoder] 📡 UDP TICK | BANKNIFTYCE60900 | LTP: ₹22.5
[Decoder] 📡 UDP TICK | BANKNIFTYPE56600 | LTP: ₹266.5
[Decoder] 📡 BSE TICK | SENSEXPE73500 | LTP: ₹16.55
[Decoder] 📡 UDP TICK | MIDCPNIFTYPE14775 | LTP: ₹164.8
[Decoder] 📡 BSE TICK | SENSEXPE73500 | LTP: ₹47.85
[Decoder] 📡 UDP TICK | NIFTYCE24950 | LTP: ₹11.25
[Feed Decoder] 📤 Published Chain | Symbol: NIFTY | Expiry: 28-JUL-26 | synthetic_future: ₹24095 | actual_atm: 24100 | strikes: 236
[Feed Decoder] 📤 Published Chain | Symbol: BANKNIFTY | Expiry: 28-JUL-26 | synthetic_future: ₹57725.2 | actual_atm: 57700 | strikes: 357
[Feed Decoder] 📤 Published Chain | Symbol: FINNIFTY | Expiry: 28-JUL-26 | synthetic_future: ₹26648.1 | actual_atm: 26600 | strikes: 150
[Feed Decoder] 📤 Published Chain | Symbol: MIDCPNIFTY | Expiry: 28-JUL-26 | synthetic_future: ₹14759.6 | actual_atm: 14750 | strikes: 262
[Feed Decoder] 📤 Published Chain | Symbol: SENSEX | Expiry: 16-JUL-2026 | synthetic_future: ₹77262.6 | actual_atm: 77300 | strikes: 165
[Feed Decoder] 📤 Published Chain | Symbol: BANKEX | Expiry: 30-JUL-2026 | synthetic_future: ₹65356.8 | actual_atm: 65400 | strikes: 170
[Decoder] 📡 UDP TICK | BANKNIFTYPE58100 | LTP: ₹846.4
[Decoder] 📡 BSE TICK | SENSEXPE74500 | LTP: ₹0.4
[Decoder] 📡 UDP TICK | NIFTYCE24500 | LTP: ₹60.95
[Decoder] 📡 UDP TICK | BANKNIFTYCE57300 | LTP: ₹1501.95
[Decoder] 📡 BSE TICK | SENSEXCE78900 | LTP: ₹70.85
[Feed Decoder] 📤 Published Chain | Symbol: NIFTY | Expiry: 28-JUL-26 | synthetic_future: ₹24094.7 | actual_atm: 24100 | strikes: 236
[Feed Decoder] 📤 Published Chain | Symbol: BANKNIFTY | Expiry: 28-JUL-26 | synthetic_future: ₹57727.9 | actual_atm: 57700 | strikes: 357
[Feed Decoder] 📤 Published Chain | Symbol: FINNIFTY | Expiry: 28-JUL-26 | synthetic_future: ₹26648.1 | actual_atm: 26600 | strikes: 150
[Feed Decoder] 📤 Published Chain | Symbol: MIDCPNIFTY | Expiry: 28-JUL-26 | synthetic_future: ₹14760.2 | actual_atm: 14750 | strikes: 262
[Feed Decoder] 📤 Published Chain | Symbol: SENSEX | Expiry: 16-JUL-2026 | synthetic_future: ₹77261.7 | actual_atm: 77300 | strikes: 165
[Feed Decoder] 📤 Published Chain | Symbol: BANKEX | Expiry: 30-JUL-2026 | synthetic_future: ₹65356.8 | actual_atm: 65400 | strikes: 170
[Decoder] 📡 UDP TICK | BANKNIFTYCE51800 | LTP: ₹0
[Decoder] 📡 BSE TICK | SENSEXPE74000 | LTP: ₹21.65
[Decoder] 📡 UDP TICK | NIFTYCE23650 | LTP: ₹742.75
[Decoder] 📡 BSE TICK | SENSEXCE79400 | LTP: ₹34.25
[Decoder] 📡 UDP TICK | NIFTYCE22500 | LTP: ₹2356.05
[Decoder] 📡 UDP TICK | FINNIFTYCE23100 | LTP: ₹0
[Feed Decoder] 📤 Published Chain | Symbol: NIFTY | Expiry: 28-JUL-26 | synthetic_future: ₹24095.1 | actual_atm: 24100 | strikes: 236
[Feed Decoder] 📤 Published Chain | Symbol: BANKNIFTY | Expiry: 28-JUL-26 | synthetic_future: ₹57728.2 | actual_atm: 57700 | strikes: 357
[Feed Decoder] 📤 Published Chain | Symbol: FINNIFTY | Expiry: 28-JUL-26 | synthetic_future: ₹26648.1 | actual_atm: 26600 | strikes: 150
[Feed Decoder] 📤 Published Chain | Symbol: MIDCPNIFTY | Expiry: 28-JUL-26 | synthetic_future: ₹14760.2 | actual_atm: 14750 | strikes: 262
[Feed Decoder] 📤 Published Chain | Symbol: SENSEX | Expiry: 16-JUL-2026 | synthetic_future: ₹77263.4 | actual_atm: 77300 | strikes: 165
[Feed Decoder] 📤 Published Chain | Symbol: BANKEX | Expiry: 30-JUL-2026 | synthetic_future: ₹65356.8 | actual_atm: 65400 | strikes: 170
[Decoder] 📡 BSE TICK | SENSEXCE74600 | LTP: ₹0
[BSE] ❌ Unknown token: 68190207
[Decoder] 📡 UDP TICK | BANKNIFTYPE55300 | LTP: ₹84.6
[Decoder] 📡 BSE TICK | SENSEXCE80600 | LTP: ₹0.35
[Decoder] 📡 UDP TICK | MIDCPNIFTYCE14700 | LTP: ₹363.7
[Decoder] 📡 UDP TICK | NIFTYCE24250 | LTP: ₹137.5
[Decoder] 📡 BSE TICK | SENSEXCE77000 | LTP: ₹272.9
[Feed Decoder] 📤 Published Chain | Symbol: NIFTY | Expiry: 28-JUL-26 | synthetic_future: ₹24095.1 | actual_atm: 24100 | strikes: 236
[Feed Decoder] 📤 Published Chain | Symbol: BANKNIFTY | Expiry: 28-JUL-26 | synthetic_future: ₹57728.2 | actual_atm: 57700 | strikes: 357
[Feed Decoder] 📤 Published Chain | Symbol: FINNIFTY | Expiry: 28-JUL-26 | synthetic_future: ₹26648.1 | actual_atm: 26600 | strikes: 150
[Feed Decoder] 📤 Published Chain | Symbol: MIDCPNIFTY | Expiry: 28-JUL-26 | synthetic_future: ₹14761.5 | actual_atm: 14750 | strikes: 262
[Feed Decoder] 📤 Published Chain | Symbol: SENSEX | Expiry: 16-JUL-2026 | synthetic_future: ₹77264.1 | actual_atm: 77300 | strikes: 165
[Feed Decoder] 📤 Published Chain | Symbol: BANKEX | Expiry: 30-JUL-2026 | synthetic_future: ₹65356.8 | actual_atm: 65400 | strikes: 170
[Decoder] 📡 UDP TICK | MIDCPNIFTYPE13950 | LTP: ₹11.65
[Decoder] 📡 UDP TICK | MIDCPNIFTYPE14900 | LTP: ₹317
[Decoder] 📡 BSE TICK | SENSEXPE72000 | LTP: ₹0.15
[Decoder] 📡 UDP TICK | NIFTYPE25500 | LTP: ₹1142.4
[Decoder] 📡 BSE TICK | FOCITPE31000 | LTP: ₹45.35
[Decoder] 📡 UDP TICK | NIFTYCE24500 | LTP: ₹61.5
[Feed Decoder] 📤 Published Chain | Symbol: NIFTY | Expiry: 28-JUL-26 | synthetic_future: ₹24097 | actual_atm: 24100 | strikes: 236
[Feed Decoder] 📤 Published Chain | Symbol: BANKNIFTY | Expiry: 28-JUL-26 | synthetic_future: ₹57730.2 | actual_atm: 57700 | strikes: 357
[Feed Decoder] 📤 Published Chain | Symbol: FINNIFTY | Expiry: 28-JUL-26 | synthetic_future: ₹26648.1 | actual_atm: 26600 | strikes: 150
[Feed Decoder] 📤 Published Chain | Symbol: MIDCPNIFTY | Expiry: 28-JUL-26 | synthetic_future: ₹14762.6 | actual_atm: 14775 | strikes: 262
[Feed Decoder] 📤 Published Chain | Symbol: SENSEX | Expiry: 16-JUL-2026 | synthetic_future: ₹77269.1 | actual_atm: 77300 | strikes: 165
[Feed Decoder] 📤 Published Chain | Symbol: BANKEX | Expiry: 30-JUL-2026 | synthetic_future: ₹65356.8 | actual_atm: 65400 | strikes: 170
[Decoder] 📡 UDP TICK | MIDCPNIFTYPE14800 | LTP: ₹335
[Decoder] 📡 BSE TICK | SENSEXPE75900 | LTP: ₹136.95
[Decoder] 📡 UDP TICK | MIDCPNIFTYCE15000 | LTP: ₹60.85
[Decoder] 📡 UDP TICK | NIFTYPE23600 | LTP: ₹180.05
[Decoder] 📡 BSE TICK | SENSEXPE77500 | LTP: ₹850
[Decoder] 📡 UDP TICK | NIFTYPE23950 | LTP: ₹148.45
[Feed Decoder] 📤 Published Chain | Symbol: NIFTY | Expiry: 28-JUL-26 | synthetic_future: ₹24096 | actual_atm: 24100 | strikes: 236
[Feed Decoder] 📤 Published Chain | Symbol: BANKNIFTY | Expiry: 28-JUL-26 | synthetic_future: ₹57729.3 | actual_atm: 57700 | strikes: 357
[Feed Decoder] 📤 Published Chain | Symbol: FINNIFTY | Expiry: 28-JUL-26 | synthetic_future: ₹26648.1 | actual_atm: 26600 | strikes: 150
[Feed Decoder] 📤 Published Chain | Symbol: MIDCPNIFTY | Expiry: 28-JUL-26 | synthetic_future: ₹14761 | actual_atm: 14750 | strikes: 262
[Feed Decoder] 📤 Published Chain | Symbol: SENSEX | Expiry: 16-JUL-2026 | synthetic_future: ₹77268.2 | actual_atm: 77300 | strikes: 165
[Feed Decoder] 📤 Published Chain | Symbol: BANKEX | Expiry: 30-JUL-2026 | synthetic_future: ₹65356.8 | actual_atm: 65400 | strikes: 170
[Decoder] 📡 BSE TICK | SENSEXPE76200 | LTP: ₹307.25
[Decoder] 📡 UDP TICK | NIFTYPE22500 | LTP: ₹38.35
[Decoder] 📡 BSE TICK | SENSEXCE78300 | LTP: ₹352.6
[BSE] ❌ Unknown token: 1240
[Decoder] 📡 UDP TICK | BANKNIFTYPE62600 | LTP: ₹0
[Decoder] 📡 UDP TICK | BANKNIFTYPE54300 | LTP: ₹36.7
[Decoder] 📡 BSE TICK | SENSEXCE78500 | LTP: ₹0.65
[Feed Decoder] 📤 Published Chain | Symbol: NIFTY | Expiry: 28-JUL-26 | synthetic_future: ₹24096.5 | actual_atm: 24100 | strikes: 236
[Feed Decoder] 📤 Published Chain | Symbol: BANKNIFTY | Expiry: 28-JUL-26 | synthetic_future: ₹57726.1 | actual_atm: 57700 | strikes: 357
[Feed Decoder] 📤 Published Chain | Symbol: FINNIFTY | Expiry: 28-JUL-26 | synthetic_future: ₹26648.1 | actual_atm: 26600 | strikes: 150
[Feed Decoder] 📤 Published Chain | Symbol: MIDCPNIFTY | Expiry: 28-JUL-26 | synthetic_future: ₹14762 | actual_atm: 14750 | strikes: 262
[Feed Decoder] 📤 Published Chain | Symbol: SENSEX | Expiry: 16-JUL-2026 | synthetic_future: ₹77265.2 | actual_atm: 77300 | strikes: 165
[Feed Decoder] 📤 Published Chain | Symbol: BANKEX | Expiry: 30-JUL-2026 | synthetic_future: ₹65356.8 | actual_atm: 65400 | strikes: 170
[Decoder] 📡 UDP TICK | NIFTYCE25000 | LTP: ₹2330
[Decoder] 📡 UDP TICK | NIFTYCE23500 | LTP: ₹637.55
[Decoder] 📡 BSE TICK | SENSEXPE77700 | LTP: ₹433.6
[Decoder] 📡 UDP TICK | BANKNIFTYPE58600 | LTP: ₹1430
[Decoder] 📡 BSE TICK | SENSEXCE75900 | LTP: ₹1385.1
[Decoder] 📡 UDP TICK | BANKNIFTYPE57500 | LTP: ₹872.25
[Feed Decoder] 📤 Published Chain | Symbol: NIFTY | Expiry: 28-JUL-26 | synthetic_future: ₹24098.2 | actual_atm: 24100 | strikes: 236
[Feed Decoder] 📤 Published Chain | Symbol: BANKNIFTY | Expiry: 28-JUL-26 | synthetic_future: ₹57727.3 | actual_atm: 57700 | strikes: 357
[Feed Decoder] 📤 Published Chain | Symbol: FINNIFTY | Expiry: 28-JUL-26 | synthetic_future: ₹26648.1 | actual_atm: 26600 | strikes: 150
[Feed Decoder] 📤 Published Chain | Symbol: MIDCPNIFTY | Expiry: 28-JUL-26 | synthetic_future: ₹14762.4 | actual_atm: 14750 | strikes: 262
[Feed Decoder] 📤 Published Chain | Symbol: SENSEX | Expiry: 16-JUL-2026 | synthetic_future: ₹77270.9 | actual_atm: 77300 | strikes: 165
[Feed Decoder] 📤 Published Chain | Symbol: BANKEX | Expiry: 30-JUL-2026 | synthetic_future: ₹65356.8 | actual_atm: 65400 | strikes: 170
[Decoder] 📡 BSE TICK | SENSEXCE80300 | LTP: ₹0.35
[Decoder] 📡 UDP TICK | NIFTYPE23250 | LTP: ₹110.9
[Decoder] 📡 UDP TICK | NIFTYPE26000 | LTP: ₹1467.9
[Decoder] 📡 BSE TICK | FOCITPE34500 | LTP: ₹489.15
[Decoder] 📡 UDP TICK | MIDCPNIFTYCE14700 | LTP: ₹363.7
[Feed Decoder] 📤 Published Chain | Symbol: NIFTY | Expiry: 28-JUL-26 | synthetic_future: ₹24097.8 | actual_atm: 24100 | strikes: 236
[Feed Decoder] 📤 Published Chain | Symbol: BANKNIFTY | Expiry: 28-JUL-26 | synthetic_future: ₹57729.9 | actual_atm: 57700 | strikes: 357
[Feed Decoder] 📤 Published Chain | Symbol: FINNIFTY | Expiry: 28-JUL-26 | synthetic_future: ₹26648.1 | actual_atm: 26600 | strikes: 150
[Feed Decoder] 📤 Published Chain | Symbol: MIDCPNIFTY | Expiry: 28-JUL-26 | synthetic_future: ₹14760.5 | actual_atm: 14750 | strikes: 262
[Feed Decoder] 📤 Published Chain | Symbol: SENSEX | Expiry: 16-JUL-2026 | synthetic_future: ₹77271 | actual_atm: 77300 | strikes: 165
[Feed Decoder] 📤 Published Chain | Symbol: BANKEX | Expiry: 30-JUL-2026 | synthetic_future: ₹65356.8 | actual_atm: 65400 | strikes: 170
[Decoder] 📡 UDP TICK | BANKNIFTYCE54900 | LTP: ₹3426
[Decoder] 📡 BSE TICK | SENSEXCE76100 | LTP: ₹1189.7
[Decoder] 📡 UDP TICK | NIFTYPE24950 | LTP: ₹828
[Decoder] 📡 BSE TICK | SENSEXCE79700 | LTP: ₹84.95
[Decoder] 📡 UDP TICK | NIFTYCE26000 | LTP: ₹13.2
[Decoder] 📡 UDP TICK | BANKNIFTYPE59800 | LTP: ₹2012.25
[Decoder] 📡 BSE TICK | SENSEXCE78500 | LTP: ₹127.7
[Feed Decoder] 📤 Published Chain | Symbol: NIFTY | Expiry: 28-JUL-26 | synthetic_future: ₹24098.5 | actual_atm: 24100 | strikes: 236
[Feed Decoder] 📤 Published Chain | Symbol: BANKNIFTY | Expiry: 28-JUL-26 | synthetic_future: ₹57733.8 | actual_atm: 57700 | strikes: 357
[Feed Decoder] 📤 Published Chain | Symbol: FINNIFTY | Expiry: 28-JUL-26 | synthetic_future: ₹26648.1 | actual_atm: 26600 | strikes: 150
[Feed Decoder] 📤 Published Chain | Symbol: MIDCPNIFTY | Expiry: 28-JUL-26 | synthetic_future: ₹14759.2 | actual_atm: 14750 | strikes: 262
[Feed Decoder] 📤 Published Chain | Symbol: SENSEX | Expiry: 16-JUL-2026 | synthetic_future: ₹77271.9 | actual_atm: 77300 | strikes: 165
[Feed Decoder] 📤 Published Chain | Symbol: BANKEX | Expiry: 30-JUL-2026 | synthetic_future: ₹65356.8 | actual_atm: 65400 | strikes: 170
[BSE] ❌ Unknown token: 4266164223
[Decoder] 📡 UDP TICK | BANKNIFTYCE60500 | LTP: ₹0
[Decoder] 📡 BSE TICK | SENSEXPE75600 | LTP: ₹96.85
[Decoder] 📡 UDP TICK | NIFTYCE25350 | LTP: ₹0
[Decoder] 📡 UDP TICK | NIFTYPE24950 | LTP: ₹828
[Decoder] 📡 BSE TICK | SENSEXCE80900 | LTP: ₹0.3
[Feed Decoder] 📤 Published Chain | Symbol: NIFTY | Expiry: 28-JUL-26 | synthetic_future: ₹24099 | actual_atm: 24100 | strikes: 236
[Feed Decoder] 📤 Published Chain | Symbol: BANKNIFTY | Expiry: 28-JUL-26 | synthetic_future: ₹57731.2 | actual_atm: 57700 | strikes: 357
[Feed Decoder] 📤 Published Chain | Symbol: FINNIFTY | Expiry: 28-JUL-26 | synthetic_future: ₹26648.1 | actual_atm: 26600 | strikes: 150
[Feed Decoder] 📤 Published Chain | Symbol: MIDCPNIFTY | Expiry: 28-JUL-26 | synthetic_future: ₹14761 | actual_atm: 14750 | strikes: 262
[Feed Decoder] 📤 Published Chain | Symbol: SENSEX | Expiry: 16-JUL-2026 | synthetic_future: ₹77273.9 | actual_atm: 77300 | strikes: 165
[Feed Decoder] 📤 Published Chain | Symbol: BANKEX | Expiry: 30-JUL-2026 | synthetic_future: ₹65356.8 | actual_atm: 65400 | strikes: 170
[Decoder] 📡 UDP TICK | MIDCPNIFTYCE13900 | LTP: ₹890
[Decoder] 📡 BSE TICK | SENSEXCE79800 | LTP: ₹0.25
[Decoder] 📡 UDP TICK | BANKNIFTYCE58500 | LTP: ₹1430.35
[Decoder] 📡 UDP TICK | NIFTYPE23500 | LTP: ₹159.6
[Decoder] 📡 BSE TICK | SENSEXPE78600 | LTP: ₹1529.55
[Decoder] 📡 UDP TICK | NIFTYCE23200 | LTP: ₹916.95
[Feed Decoder] 📤 Published Chain | Symbol: NIFTY | Expiry: 28-JUL-26 | synthetic_future: ₹24097.1 | actual_atm: 24100 | strikes: 236
[Feed Decoder] 📤 Published Chain | Symbol: BANKNIFTY | Expiry: 28-JUL-26 | synthetic_future: ₹57730.2 | actual_atm: 57700 | strikes: 357
[Feed Decoder] 📤 Published Chain | Symbol: FINNIFTY | Expiry: 28-JUL-26 | synthetic_future: ₹26648.1 | actual_atm: 26600 | strikes: 150
[Feed Decoder] 📤 Published Chain | Symbol: MIDCPNIFTY | Expiry: 28-JUL-26 | synthetic_future: ₹14758.8 | actual_atm: 14750 | strikes: 262
[Feed Decoder] 📤 Published Chain | Symbol: SENSEX | Expiry: 16-JUL-2026 | synthetic_future: ₹77267.6 | actual_atm: 77300 | strikes: 165
[Feed Decoder] 📤 Published Chain | Symbol: BANKEX | Expiry: 30-JUL-2026 | synthetic_future: ₹65356.8 | actual_atm: 65400 | strikes: 170
[Decoder] 📡 BSE TICK | SENSEXPE76000 | LTP: ₹0.85
[Decoder] 📡 UDP TICK | BANKNIFTYCE53400 | LTP: ₹0
[Decoder] 📡 UDP TICK | MIDCPNIFTYPE14425 | LTP: ₹54.2
[Decoder] 📡 BSE TICK | SENSEXCE76200 | LTP: ₹1072
[Decoder] 📡 UDP TICK | NIFTYCE24650 | LTP: ₹196.75
[Decoder] 📡 UDP TICK | MIDCPNIFTYPE15075 | LTP: ₹303.8
[Feed Decoder] 📤 Published Chain | Symbol: NIFTY | Expiry: 28-JUL-26 | synthetic_future: ₹24096.6 | actual_atm: 24100 | strikes: 236
[Feed Decoder] 📤 Published Chain | Symbol: BANKNIFTY | Expiry: 28-JUL-26 | synthetic_future: ₹57730.2 | actual_atm: 57700 | strikes: 357
[Feed Decoder] 📤 Published Chain | Symbol: FINNIFTY | Expiry: 28-JUL-26 | synthetic_future: ₹26648.1 | actual_atm: 26600 | strikes: 150
[Feed Decoder] 📤 Published Chain | Symbol: MIDCPNIFTY | Expiry: 28-JUL-26 | synthetic_future: ₹14758.8 | actual_atm: 14750 | strikes: 262
[Feed Decoder] 📤 Published Chain | Symbol: SENSEX | Expiry: 16-JUL-2026 | synthetic_future: ₹77264.2 | actual_atm: 77300 | strikes: 165
[Feed Decoder] 📤 Published Chain | Symbol: BANKEX | Expiry: 30-JUL-2026 | synthetic_future: ₹65356.8 | actual_atm: 65400 | strikes: 170
[Decoder] 📡 BSE TICK | SENSEXCE75000 | LTP: ₹2325
[Decoder] 📡 UDP TICK | BANKNIFTYPE55600 | LTP: ₹112.2
[Decoder] 📡 BSE TICK | SENSEXCE77900 | LTP: ₹280
[Decoder] 📡 UDP TICK | NIFTYPE23500 | LTP: ₹159.6
[BSE] ❌ Unknown token: 4293656776
[Decoder] 📡 UDP TICK | BANKNIFTYPE57700 | LTP: ₹960.7
[Feed Decoder] 📤 Published Chain | Symbol: NIFTY | Expiry: 28-JUL-26 | synthetic_future: ₹24097.2 | actual_atm: 24100 | strikes: 236
[Feed Decoder] 📤 Published Chain | Symbol: BANKNIFTY | Expiry: 28-JUL-26 | synthetic_future: ₹57732.7 | actual_atm: 57700 | strikes: 357
[Feed Decoder] 📤 Published Chain | Symbol: FINNIFTY | Expiry: 28-JUL-26 | synthetic_future: ₹26648.1 | actual_atm: 26600 | strikes: 150
[Feed Decoder] 📤 Published Chain | Symbol: MIDCPNIFTY | Expiry: 28-JUL-26 | synthetic_future: ₹14758.5 | actual_atm: 14750 | strikes: 262
[Feed Decoder] 📤 Published Chain | Symbol: SENSEX | Expiry: 16-JUL-2026 | synthetic_future: ₹77267.4 | actual_atm: 77300 | strikes: 165
[Feed Decoder] 📤 Published Chain | Symbol: BANKEX | Expiry: 30-JUL-2026 | synthetic_future: ₹65356.8 | actual_atm: 65400 | strikes: 170
[Decoder] 📡 BSE TICK | SENSEXPE74300 | LTP: ₹0.45
[Decoder] 📡 UDP TICK | NIFTYCE23650 | LTP: ₹519
[Decoder] 📡 UDP TICK | NIFTYCE23350 | LTP: ₹773
[Decoder] 📡 BSE TICK | SENSEXPE73100 | LTP: ₹0.25
[Decoder] 📡 UDP TICK | MIDCPNIFTYCE13600 | LTP: ₹865
[Decoder] 📡 BSE TICK | SENSEXPE76100 | LTP: ₹0
[Feed Decoder] 📤 Published Chain | Symbol: NIFTY | Expiry: 28-JUL-26 | synthetic_future: ₹24096 | actual_atm: 24100 | strikes: 236
[Feed Decoder] 📤 Published Chain | Symbol: BANKNIFTY | Expiry: 28-JUL-26 | synthetic_future: ₹57730.2 | actual_atm: 57700 | strikes: 357
[Feed Decoder] 📤 Published Chain | Symbol: FINNIFTY | Expiry: 28-JUL-26 | synthetic_future: ₹26648.1 | actual_atm: 26600 | strikes: 150
[Feed Decoder] 📤 Published Chain | Symbol: MIDCPNIFTY | Expiry: 28-JUL-26 | synthetic_future: ₹14758.5 | actual_atm: 14750 | strikes: 262
[Feed Decoder] 📤 Published Chain | Symbol: SENSEX | Expiry: 16-JUL-2026 | synthetic_future: ₹77264.2 | actual_atm: 77300 | strikes: 165
[Feed Decoder] 📤 Published Chain | Symbol: BANKEX | Expiry: 30-JUL-2026 | synthetic_future: ₹65356.8 | actual_atm: 65400 | strikes: 170
[Decoder] 📡 UDP TICK | BANKNIFTYPE57900 | LTP: ₹736.35
[Decoder] 📡 BSE TICK | SENSEXPE78700 | LTP: ₹1522.95
[Decoder] 📡 UDP TICK | NIFTYCE25200 | LTP: ₹66.8
[Decoder] 📡 UDP TICK | NIFTYPE22650 | LTP: ₹47.25
[Decoder] 📡 BSE TICK | SENSEXPE77800 | LTP: ₹531
[Decoder] 📡 UDP TICK | NIFTYPE25600 | LTP: ₹1575.9
[Feed Decoder] 📤 Published Chain | Symbol: NIFTY | Expiry: 28-JUL-26 | synthetic_future: ₹24097.3 | actual_atm: 24100 | strikes: 236
[Feed Decoder] 📤 Published Chain | Symbol: BANKNIFTY | Expiry: 28-JUL-26 | synthetic_future: ₹57729.9 | actual_atm: 57700 | strikes: 357
[Feed Decoder] 📤 Published Chain | Symbol: FINNIFTY | Expiry: 28-JUL-26 | synthetic_future: ₹26648.1 | actual_atm: 26600 | strikes: 150
[Feed Decoder] 📤 Published Chain | Symbol: MIDCPNIFTY | Expiry: 28-JUL-26 | synthetic_future: ₹14758.5 | actual_atm: 14750 | strikes: 262
[Feed Decoder] 📤 Published Chain | Symbol: SENSEX | Expiry: 16-JUL-2026 | synthetic_future: ₹77269.9 | actual_atm: 77300 | strikes: 165
[Feed Decoder] 📤 Published Chain | Symbol: BANKEX | Expiry: 30-JUL-2026 | synthetic_future: ₹65356.8 | actual_atm: 65400 | strikes: 170
[Decoder] 📡 BSE TICK | SENSEXPE77700 | LTP: ₹765
[Decoder] 📡 UDP TICK | BANKNIFTYPE57200 | LTP: ₹761.7
[Decoder] 📡 UDP TICK | BANKNIFTYCE58100 | LTP: ₹473.6
[Decoder] 📡 BSE TICK | SENSEXCE77200 | LTP: ₹834.75
[Decoder] 📡 UDP TICK | NIFTYFUT | LTP: ₹24100
[Feed Decoder] 📤 Published Chain | Symbol: NIFTY | Expiry: 28-JUL-26 | synthetic_future: ₹24096.8 | actual_atm: 24100 | strikes: 236
[Feed Decoder] 📤 Published Chain | Symbol: BANKNIFTY | Expiry: 28-JUL-26 | synthetic_future: ₹57729.9 | actual_atm: 57700 | strikes: 357
[Feed Decoder] 📤 Published Chain | Symbol: FINNIFTY | Expiry: 28-JUL-26 | synthetic_future: ₹26648.1 | actual_atm: 26600 | strikes: 150
[Feed Decoder] 📤 Published Chain | Symbol: MIDCPNIFTY | Expiry: 28-JUL-26 | synthetic_future: ₹14758.5 | actual_atm: 14750 | strikes: 262
[Feed Decoder] 📤 Published Chain | Symbol: SENSEX | Expiry: 16-JUL-2026 | synthetic_future: ₹77271.6 | actual_atm: 77300 | strikes: 165
[Feed Decoder] 📤 Published Chain | Symbol: BANKEX | Expiry: 30-JUL-2026 | synthetic_future: ₹65356.8 | actual_atm: 65400 | strikes: 170
[Decoder] 📡 UDP TICK | BANKNIFTYPE57000 | LTP: ₹371.05
[Decoder] 📡 BSE TICK | SENSEXCE81300 | LTP: ₹0.4
[Decoder] 📡 UDP TICK | BANKNIFTYPE57600 | LTP: ₹591.2
[BSE] ❌ Unknown token: 4268785663
[Decoder] 📡 BSE TICK | SENSEXCE77100 | LTP: ₹0
[Decoder] 📡 UDP TICK | NIFTYPE25500 | LTP: ₹1160.1
[Feed Decoder] 📤 Published Chain | Symbol: NIFTY | Expiry: 28-JUL-26 | synthetic_future: ₹24098.1 | actual_atm: 24100 | strikes: 236
[Feed Decoder] 📤 Published Chain | Symbol: BANKNIFTY | Expiry: 28-JUL-26 | synthetic_future: ₹57733.8 | actual_atm: 57700 | strikes: 357
[Feed Decoder] 📤 Published Chain | Symbol: FINNIFTY | Expiry: 28-JUL-26 | synthetic_future: ₹26648.1 | actual_atm: 26600 | strikes: 150
[Feed Decoder] 📤 Published Chain | Symbol: MIDCPNIFTY | Expiry: 28-JUL-26 | synthetic_future: ₹14758.9 | actual_atm: 14750 | strikes: 262
[Feed Decoder] 📤 Published Chain | Symbol: SENSEX | Expiry: 16-JUL-2026 | synthetic_future: ₹77272 | actual_atm: 77300 | strikes: 165
[Feed Decoder] 📤 Published Chain | Symbol: BANKEX | Expiry: 30-JUL-2026 | synthetic_future: ₹65356.8 | actual_atm: 65400 | strikes: 170
[Decoder] 📡 UDP TICK | BANKNIFTYCE58900 | LTP: ₹706.8
[Decoder] 📡 BSE TICK | SENSEXPE76800 | LTP: ₹347.8
[Decoder] 📡 UDP TICK | NIFTYCE25000 | LTP: ₹103.55
[Decoder] 📡 BSE TICK | SENSEXPE76800 | LTP: ₹347.8
[Decoder] 📡 UDP TICK | BANKNIFTYPE55700 | LTP: ₹487.9
[Decoder] 📡 UDP TICK | BANKNIFTYCE59000 | LTP: ₹674.05
[Feed Decoder] 📤 Published Chain | Symbol: NIFTY | Expiry: 28-JUL-26 | synthetic_future: ₹24098.1 | actual_atm: 24100 | strikes: 236
[Feed Decoder] 📤 Published Chain | Symbol: BANKNIFTY | Expiry: 28-JUL-26 | synthetic_future: ₹57734.7 | actual_atm: 57700 | strikes: 357
[Feed Decoder] 📤 Published Chain | Symbol: FINNIFTY | Expiry: 28-JUL-26 | synthetic_future: ₹26648.1 | actual_atm: 26600 | strikes: 150
[Feed Decoder] 📤 Published Chain | Symbol: MIDCPNIFTY | Expiry: 28-JUL-26 | synthetic_future: ₹14759.7 | actual_atm: 14750 | strikes: 262
[Feed Decoder] 📤 Published Chain | Symbol: SENSEX | Expiry: 16-JUL-2026 | synthetic_future: ₹77271.2 | actual_atm: 77300 | strikes: 165
[Feed Decoder] 📤 Published Chain | Symbol: BANKEX | Expiry: 30-JUL-2026 | synthetic_future: ₹65356.8 | actual_atm: 65400 | strikes: 170
[Decoder] 📡 BSE TICK | SENSEXPE85000 | LTP: ₹7600
[Decoder] 📡 UDP TICK | NIFTYCE22000 | LTP: ₹2204.9
[Decoder] 📡 BSE TICK | SENSEXPE74500 | LTP: ₹100.4
[Decoder] 📡 UDP TICK | BANKNIFTYPE55100 | LTP: ₹282.2
[Decoder] 📡 UDP TICK | FINNIFTYCE26800 | LTP: ₹218
[Decoder] 📡 BSE TICK | SENSEXPE75100 | LTP: ₹160.6
[Feed Decoder] 📤 Published Chain | Symbol: NIFTY | Expiry: 28-JUL-26 | synthetic_future: ₹24098.2 | actual_atm: 24100 | strikes: 236
[Feed Decoder] 📤 Published Chain | Symbol: BANKNIFTY | Expiry: 28-JUL-26 | synthetic_future: ₹57734.5 | actual_atm: 57700 | strikes: 357
[Feed Decoder] 📤 Published Chain | Symbol: FINNIFTY | Expiry: 28-JUL-26 | synthetic_future: ₹26648.1 | actual_atm: 26600 | strikes: 150
[Feed Decoder] 📤 Published Chain | Symbol: MIDCPNIFTY | Expiry: 28-JUL-26 | synthetic_future: ₹14759.7 | actual_atm: 14750 | strikes: 262
[Feed Decoder] 📤 Published Chain | Symbol: SENSEX | Expiry: 16-JUL-2026 | synthetic_future: ₹77268.3 | actual_atm: 77300 | strikes: 165
[Feed Decoder] 📤 Published Chain | Symbol: BANKEX | Expiry: 30-JUL-2026 | synthetic_future: ₹65356.8 | actual_atm: 65400 | strikes: 170
[Decoder] 📡 UDP TICK | FINNIFTYCE22900 | LTP: ₹0
[Decoder] 📡 BSE TICK | SENSEXPE74700 | LTP: ₹0.6
[Decoder] 📡 UDP TICK | BANKNIFTYPE58300 | LTP: ₹1226
[Decoder] 📡 UDP TICK | BANKNIFTYPE53100 | LTP: ₹16.7
[Decoder] 📡 BSE TICK | SENSEXPE76100 | LTP: ₹0
[Decoder] 📡 UDP TICK | FINNIFTYCE26800 | LTP: ₹218
[Feed Decoder] 📤 Published Chain | Symbol: NIFTY | Expiry: 28-JUL-26 | synthetic_future: ₹24098.2 | actual_atm: 24100 | strikes: 236
[Feed Decoder] 📤 Published Chain | Symbol: BANKNIFTY | Expiry: 28-JUL-26 | synthetic_future: ₹57734.3 | actual_atm: 57700 | strikes: 357
[Feed Decoder] 📤 Published Chain | Symbol: FINNIFTY | Expiry: 28-JUL-26 | synthetic_future: ₹26648.1 | actual_atm: 26600 | strikes: 150
[Feed Decoder] 📤 Published Chain | Symbol: MIDCPNIFTY | Expiry: 28-JUL-26 | synthetic_future: ₹14759.7 | actual_atm: 14750 | strikes: 262
[Feed Decoder] 📤 Published Chain | Symbol: SENSEX | Expiry: 16-JUL-2026 | synthetic_future: ₹77264.2 | actual_atm: 77300 | strikes: 165
[Feed Decoder] 📤 Published Chain | Symbol: BANKEX | Expiry: 30-JUL-2026 | synthetic_future: ₹65356.8 | actual_atm: 65400 | strikes: 170
[BSE] ❌ Unknown token: 840431
[Decoder] 📡 UDP TICK | NIFTYPE23500 | LTP: ₹44.8
[Decoder] 📡 BSE TICK | SENSEXCE75000 | LTP: ₹2325
[Decoder] 📡 UDP TICK | BANKNIFTYCE60400 | LTP: ₹36.55
[Decoder] 📡 BSE TICK | SENSEXCE77600 | LTP: ₹3.35
[Decoder] 📡 UDP TICK | BANKNIFTYCE58900 | LTP: ₹208.35
[Feed Decoder] 📤 Published Chain | Symbol: NIFTY | Expiry: 28-JUL-26 | synthetic_future: ₹24098 | actual_atm: 24100 | strikes: 236
[Feed Decoder] 📤 Published Chain | Symbol: BANKNIFTY | Expiry: 28-JUL-26 | synthetic_future: ₹57732.3 | actual_atm: 57700 | strikes: 357
[Feed Decoder] 📤 Published Chain | Symbol: FINNIFTY | Expiry: 28-JUL-26 | synthetic_future: ₹26648.1 | actual_atm: 26600 | strikes: 150
[Feed Decoder] 📤 Published Chain | Symbol: MIDCPNIFTY | Expiry: 28-JUL-26 | synthetic_future: ₹14760.4 | actual_atm: 14750 | strikes: 262
[Feed Decoder] 📤 Published Chain | Symbol: SENSEX | Expiry: 16-JUL-2026 | synthetic_future: ₹77268.2 | actual_atm: 77300 | strikes: 165
[Feed Decoder] 📤 Published Chain | Symbol: BANKEX | Expiry: 30-JUL-2026 | synthetic_future: ₹65356.8 | actual_atm: 65400 | strikes: 170
[Decoder] 📡 UDP TICK | MIDCPNIFTYPE13150 | LTP: ₹2.1
[Decoder] 📡 BSE TICK | SENSEXCE73500 | LTP: ₹3756.7
[Decoder] 📡 UDP TICK | BANKNIFTYCE53400 | LTP: ₹0
[Decoder] 📡 UDP TICK | NIFTYPE30000 | LTP: ₹5000
[Decoder] 📡 BSE TICK | SENSEXCE81500 | LTP: ₹0.15
[Decoder] 📡 UDP TICK | NIFTYCE22900 | LTP: ₹1300
[Feed Decoder] 📤 Published Chain | Symbol: NIFTY | Expiry: 28-JUL-26 | synthetic_future: ₹24097.7 | actual_atm: 24100 | strikes: 236
[Feed Decoder] 📤 Published Chain | Symbol: BANKNIFTY | Expiry: 28-JUL-26 | synthetic_future: ₹57733.6 | actual_atm: 57700 | strikes: 357
[Feed Decoder] 📤 Published Chain | Symbol: FINNIFTY | Expiry: 28-JUL-26 | synthetic_future: ₹26648.1 | actual_atm: 26600 | strikes: 150
[Feed Decoder] 📤 Published Chain | Symbol: MIDCPNIFTY | Expiry: 28-JUL-26 | synthetic_future: ₹14760.4 | actual_atm: 14750 | strikes: 262
[Feed Decoder] 📤 Published Chain | Symbol: SENSEX | Expiry: 16-JUL-2026 | synthetic_future: ₹77267 | actual_atm: 77300 | strikes: 165
[Feed Decoder] 📤 Published Chain | Symbol: BANKEX | Expiry: 30-JUL-2026 | synthetic_future: ₹65356.8 | actual_atm: 65400 | strikes: 170
[Decoder] 📡 BSE TICK | SENSEXCE80300 | LTP: ₹12.5
[Decoder] 📡 UDP TICK | BANKNIFTYCE54300 | LTP: ₹3909.7
[Decoder] 📡 UDP TICK | BANKNIFTYCE58300 | LTP: ₹952.5
[Decoder] 📡 BSE TICK | SENSEXCE76700 | LTP: ₹570.5
[Decoder] 📡 UDP TICK | MIDCPNIFTYPE14700 | LTP: ₹132.6
[Feed Decoder] 📤 Published Chain | Symbol: NIFTY | Expiry: 28-JUL-26 | synthetic_future: ₹24098 | actual_atm: 24100 | strikes: 236
[Feed Decoder] 📤 Published Chain | Symbol: BANKNIFTY | Expiry: 28-JUL-26 | synthetic_future: ₹57732.2 | actual_atm: 57700 | strikes: 357
[Feed Decoder] 📤 Published Chain | Symbol: FINNIFTY | Expiry: 28-JUL-26 | synthetic_future: ₹26648.1 | actual_atm: 26600 | strikes: 150
[Feed Decoder] 📤 Published Chain | Symbol: MIDCPNIFTY | Expiry: 28-JUL-26 | synthetic_future: ₹14760.4 | actual_atm: 14750 | strikes: 262
[Feed Decoder] 📤 Published Chain | Symbol: SENSEX | Expiry: 16-JUL-2026 | synthetic_future: ₹77265.9 | actual_atm: 77300 | strikes: 165
[Feed Decoder] 📤 Published Chain | Symbol: BANKEX | Expiry: 30-JUL-2026 | synthetic_future: ₹65356.8 | actual_atm: 65400 | strikes: 170
[Decoder] 📡 BSE TICK | SENSEXPE80000 | LTP: ₹2710
[Decoder] 📡 UDP TICK | BANKNIFTYCE56000 | LTP: ₹1890.3
[Decoder] 📡 UDP TICK | BANKNIFTYPE55500 | LTP: ₹512
[Decoder] 📡 BSE TICK | SENSEXCE77500 | LTP: ₹436.45
[Decoder] 📡 UDP TICK | BANKNIFTYCE50500 | LTP: ₹7166.7
[BSE] ❌ Unknown token: 4213735423
[Feed Decoder] 📤 Published Chain | Symbol: NIFTY | Expiry: 28-JUL-26 | synthetic_future: ₹24097.7 | actual_atm: 24100 | strikes: 236
[Feed Decoder] 📤 Published Chain | Symbol: BANKNIFTY | Expiry: 28-JUL-26 | synthetic_future: ₹57732.2 | actual_atm: 57700 | strikes: 357
[Feed Decoder] 📤 Published Chain | Symbol: FINNIFTY | Expiry: 28-JUL-26 | synthetic_future: ₹26648.1 | actual_atm: 26600 | strikes: 150
[Feed Decoder] 📤 Published Chain | Symbol: MIDCPNIFTY | Expiry: 28-JUL-26 | synthetic_future: ₹14760.9 | actual_atm: 14750 | strikes: 262
[Feed Decoder] 📤 Published Chain | Symbol: SENSEX | Expiry: 16-JUL-2026 | synthetic_future: ₹77267.7 | actual_atm: 77300 | strikes: 165
[Feed Decoder] 📤 Published Chain | Symbol: BANKEX | Expiry: 30-JUL-2026 | synthetic_future: ₹65356.8 | actual_atm: 65400 | strikes: 170
[Decoder] 📡 UDP TICK | NIFTYCE21500 | LTP: ₹2587
[Decoder] 📡 BSE TICK | SENSEXPE77900 | LTP: ₹0
[Decoder] 📡 UDP TICK | NIFTYPE24200 | LTP: ₹396.75
[Decoder] 📡 BSE TICK | SENSEXPE76100 | LTP: ₹167.95
[Decoder] 📡 UDP TICK | BANKNIFTYCE60400 | LTP: ₹36.55
[Decoder] 📡 UDP TICK | BANKNIFTYPE67500 | LTP: ₹0
[Feed Decoder] 📤 Published Chain | Symbol: NIFTY | Expiry: 28-JUL-26 | synthetic_future: ₹24097.6 | actual_atm: 24100 | strikes: 236
[Feed Decoder] 📤 Published Chain | Symbol: BANKNIFTY | Expiry: 28-JUL-26 | synthetic_future: ₹57733.4 | actual_atm: 57700 | strikes: 357
[Feed Decoder] 📤 Published Chain | Symbol: FINNIFTY | Expiry: 28-JUL-26 | synthetic_future: ₹26648.1 | actual_atm: 26600 | strikes: 150
[Feed Decoder] 📤 Published Chain | Symbol: MIDCPNIFTY | Expiry: 28-JUL-26 | synthetic_future: ₹14760.9 | actual_atm: 14750 | strikes: 262
[Feed Decoder] 📤 Published Chain | Symbol: SENSEX | Expiry: 16-JUL-2026 | synthetic_future: ₹77270.2 | actual_atm: 77300 | strikes: 165
[Feed Decoder] 📤 Published Chain | Symbol: BANKEX | Expiry: 30-JUL-2026 | synthetic_future: ₹65356.8 | actual_atm: 65400 | strikes: 170
[Decoder] 📡 BSE TICK | SENSEXPE76000 | LTP: ₹0.9
[Decoder] 📡 UDP TICK | NIFTYPE24650 | LTP: ₹586.8
[Decoder] 📡 UDP TICK | NIFTYCE26000 | LTP: ₹1.2
[Decoder] 📡 BSE TICK | BANKEXCE67500 | LTP: ₹132.85
[Decoder] 📡 UDP TICK | MIDCPNIFTYPE14000 | LTP: ₹74.4
[Decoder] 📡 BSE TICK | SENSEXPE77500 | LTP: ₹235.4
[Feed Decoder] 📤 Published Chain | Symbol: NIFTY | Expiry: 28-JUL-26 | synthetic_future: ₹24099.2 | actual_atm: 24100 | strikes: 236
[Feed Decoder] 📤 Published Chain | Symbol: BANKNIFTY | Expiry: 28-JUL-26 | synthetic_future: ₹57736.7 | actual_atm: 57700 | strikes: 357
[Feed Decoder] 📤 Published Chain | Symbol: FINNIFTY | Expiry: 28-JUL-26 | synthetic_future: ₹26648.1 | actual_atm: 26600 | strikes: 150
[Feed Decoder] 📤 Published Chain | Symbol: MIDCPNIFTY | Expiry: 28-JUL-26 | synthetic_future: ₹14760.9 | actual_atm: 14750 | strikes: 262
[Feed Decoder] 📤 Published Chain | Symbol: SENSEX | Expiry: 16-JUL-2026 | synthetic_future: ₹77272.3 | actual_atm: 77300 | strikes: 165
[Feed Decoder] 📤 Published Chain | Symbol: BANKEX | Expiry: 30-JUL-2026 | synthetic_future: ₹65356.8 | actual_atm: 65400 | strikes: 170
[Decoder] 📡 UDP TICK | BANKNIFTYCE55700 | LTP: ₹2130
[Decoder] 📡 UDP TICK | MIDCPNIFTYPE13900 | LTP: ₹8.75
[Decoder] 📡 BSE TICK | SENSEXCE79200 | LTP: ₹0.5
[Decoder] 📡 UDP TICK | MIDCPNIFTYPE14625 | LTP: ₹114
[Decoder] 📡 BSE TICK | SENSEXCE78000 | LTP: ₹246.85
[Decoder] 📡 UDP TICK | BANKNIFTYCE56800 | LTP: ₹1237.75
[Feed Decoder] 📤 Published Chain | Symbol: NIFTY | Expiry: 28-JUL-26 | synthetic_future: ₹24098.6 | actual_atm: 24100 | strikes: 236
[Feed Decoder] 📤 Published Chain | Symbol: BANKNIFTY | Expiry: 28-JUL-26 | synthetic_future: ₹57737 | actual_atm: 57700 | strikes: 357
[Feed Decoder] 📤 Published Chain | Symbol: FINNIFTY | Expiry: 28-JUL-26 | synthetic_future: ₹26648.1 | actual_atm: 26600 | strikes: 150
[Feed Decoder] 📤 Published Chain | Symbol: MIDCPNIFTY | Expiry: 28-JUL-26 | synthetic_future: ₹14760.9 | actual_atm: 14750 | strikes: 262
[Feed Decoder] 📤 Published Chain | Symbol: SENSEX | Expiry: 16-JUL-2026 | synthetic_future: ₹77268.7 | actual_atm: 77300 | strikes: 165
[Feed Decoder] 📤 Published Chain | Symbol: BANKEX | Expiry: 30-JUL-2026 | synthetic_future: ₹65356.8 | actual_atm: 65400 | strikes: 170
[Decoder] 📡 UDP TICK | BANKNIFTYCE57600 | LTP: ₹726.2
[Decoder] 📡 BSE TICK | SENSEXCE76500 | LTP: ₹1038.65
[Decoder] 📡 UDP TICK | BANKNIFTYCE61500 | LTP: ₹394.9
[BSE] ❌ Unknown token: 840281
[Decoder] 📡 BSE TICK | SENSEXCE76600 | LTP: ₹960
[Decoder] 📡 UDP TICK | NIFTYCE24000 | LTP: ₹1228
[Feed Decoder] 📤 Published Chain | Symbol: NIFTY | Expiry: 28-JUL-26 | synthetic_future: ₹24098.6 | actual_atm: 24100 | strikes: 236
[Feed Decoder] 📤 Published Chain | Symbol: BANKNIFTY | Expiry: 28-JUL-26 | synthetic_future: ₹57736.2 | actual_atm: 57700 | strikes: 357
[Feed Decoder] 📤 Published Chain | Symbol: FINNIFTY | Expiry: 28-JUL-26 | synthetic_future: ₹26648.1 | actual_atm: 26600 | strikes: 150
[Feed Decoder] 📤 Published Chain | Symbol: MIDCPNIFTY | Expiry: 28-JUL-26 | synthetic_future: ₹14760.9 | actual_atm: 14750 | strikes: 262
[Feed Decoder] 📤 Published Chain | Symbol: SENSEX | Expiry: 16-JUL-2026 | synthetic_future: ₹77266.4 | actual_atm: 77300 | strikes: 165
[Feed Decoder] 📤 Published Chain | Symbol: BANKEX | Expiry: 30-JUL-2026 | synthetic_future: ₹65356.8 | actual_atm: 65400 | strikes: 170
[Decoder] 📡 UDP TICK | MIDCPNIFTYCE15125 | LTP: ₹0
[Decoder] 📡 BSE TICK | SENSEXPE76600 | LTP: ₹467
[Decoder] 📡 UDP TICK | BANKNIFTYPE63200 | LTP: ₹0
[Decoder] 📡 UDP TICK | BANKNIFTYCE58500 | LTP: ₹1430.35
[Decoder] 📡 BSE TICK | SENSEXPE74400 | LTP: ₹88
[Decoder] 📡 UDP TICK | NIFTYPE24000 | LTP: ₹167.05
[Feed Decoder] 📤 Published Chain | Symbol: NIFTY | Expiry: 28-JUL-26 | synthetic_future: ₹24098.6 | actual_atm: 24100 | strikes: 236
[Feed Decoder] 📤 Published Chain | Symbol: BANKNIFTY | Expiry: 28-JUL-26 | synthetic_future: ₹57736.9 | actual_atm: 57700 | strikes: 357
[Feed Decoder] 📤 Published Chain | Symbol: FINNIFTY | Expiry: 28-JUL-26 | synthetic_future: ₹26648.1 | actual_atm: 26600 | strikes: 150
[Feed Decoder] 📤 Published Chain | Symbol: MIDCPNIFTY | Expiry: 28-JUL-26 | synthetic_future: ₹14764.6 | actual_atm: 14775 | strikes: 262
[Feed Decoder] 📤 Published Chain | Symbol: SENSEX | Expiry: 16-JUL-2026 | synthetic_future: ₹77265.1 | actual_atm: 77300 | strikes: 165
[Feed Decoder] 📤 Published Chain | Symbol: BANKEX | Expiry: 30-JUL-2026 | synthetic_future: ₹65356.8 | actual_atm: 65400 | strikes: 170
[Decoder] 📡 BSE TICK | SENSEXPE78000 | LTP: ₹960
[Decoder] 📡 UDP TICK | NIFTYPE26300 | LTP: ₹2201.05
[Decoder] 📡 UDP TICK | BANKNIFTYCE59100 | LTP: ₹164.8
[Decoder] 📡 UDP TICK | BANKNIFTYPE56700 | LTP: ₹288.4
[Feed Decoder] 📤 Published Chain | Symbol: NIFTY | Expiry: 28-JUL-26 | synthetic_future: ₹24098.6 | actual_atm: 24100 | strikes: 236
[Feed Decoder] 📤 Published Chain | Symbol: BANKNIFTY | Expiry: 28-JUL-26 | synthetic_future: ₹57740.9 | actual_atm: 57700 | strikes: 357
[Feed Decoder] 📤 Published Chain | Symbol: FINNIFTY | Expiry: 28-JUL-26 | synthetic_future: ₹26648.1 | actual_atm: 26600 | strikes: 150
[Feed Decoder] 📤 Published Chain | Symbol: MIDCPNIFTY | Expiry: 28-JUL-26 | synthetic_future: ₹14762.9 | actual_atm: 14775 | strikes: 262
[Feed Decoder] 📤 Published Chain | Symbol: SENSEX | Expiry: 16-JUL-2026 | synthetic_future: ₹77266.5 | actual_atm: 77300 | strikes: 165
[Feed Decoder] 📤 Published Chain | Symbol: BANKEX | Expiry: 30-JUL-2026 | synthetic_future: ₹65356.8 | actual_atm: 65400 | strikes: 170
[Decoder] 📡 UDP TICK | BANKNIFTYCE50900 | LTP: ₹0
[Decoder] 📡 BSE TICK | SENSEXPE76900 | LTP: ₹386.3
[Decoder] 📡 UDP TICK | NIFTYNXT50FUT | LTP: ₹71950
[Decoder] 📡 UDP TICK | MIDCPNIFTYPE14400 | LTP: ₹48.6
[Feed Decoder] 📤 Published Chain | Symbol: NIFTY | Expiry: 28-JUL-26 | synthetic_future: ₹24098.7 | actual_atm: 24100 | strikes: 236
[Feed Decoder] 📤 Published Chain | Symbol: BANKNIFTY | Expiry: 28-JUL-26 | synthetic_future: ₹57741.4 | actual_atm: 57700 | strikes: 357
[Feed Decoder] 📤 Published Chain | Symbol: FINNIFTY | Expiry: 28-JUL-26 | synthetic_future: ₹26648.1 | actual_atm: 26600 | strikes: 150
[Feed Decoder] 📤 Published Chain | Symbol: MIDCPNIFTY | Expiry: 28-JUL-26 | synthetic_future: ₹14762.5 | actual_atm: 14750 | strikes: 262
[Feed Decoder] 📤 Published Chain | Symbol: SENSEX | Expiry: 16-JUL-2026 | synthetic_future: ₹77268.2 | actual_atm: 77300 | strikes: 165
[Feed Decoder] 📤 Published Chain | Symbol: BANKEX | Expiry: 30-JUL-2026 | synthetic_future: ₹65356.8 | actual_atm: 65400 | strikes: 170
[Decoder] 📡 UDP TICK | NIFTYPE22700 | LTP: ₹7.45
[Decoder] 📡 BSE TICK | SENSEXPE75200 | LTP: ₹62.2
[Decoder] 📡 UDP TICK | NIFTYCE25200 | LTP: ₹67.05
[Decoder] 📡 UDP TICK | NIFTYCE22700 | LTP: ₹1465.25
[Decoder] 📡 UDP TICK | NIFTYPE25900 | LTP: ₹1785
[Feed Decoder] 📤 Published Chain | Symbol: NIFTY | Expiry: 28-JUL-26 | synthetic_future: ₹24098.7 | actual_atm: 24100 | strikes: 236
[Feed Decoder] 📤 Published Chain | Symbol: BANKNIFTY | Expiry: 28-JUL-26 | synthetic_future: ₹57743.2 | actual_atm: 57700 | strikes: 357
[Feed Decoder] 📤 Published Chain | Symbol: FINNIFTY | Expiry: 28-JUL-26 | synthetic_future: ₹26648.1 | actual_atm: 26600 | strikes: 150
[Feed Decoder] 📤 Published Chain | Symbol: MIDCPNIFTY | Expiry: 28-JUL-26 | synthetic_future: ₹14764.6 | actual_atm: 14775 | strikes: 262
[Feed Decoder] 📤 Published Chain | Symbol: SENSEX | Expiry: 16-JUL-2026 | synthetic_future: ₹77269.4 | actual_atm: 77300 | strikes: 165
[Feed Decoder] 📤 Published Chain | Symbol: BANKEX | Expiry: 30-JUL-2026 | synthetic_future: ₹65356.8 | actual_atm: 65400 | strikes: 170
[Decoder] 📡 BSE TICK | SENSEXPE75900 | LTP: ₹134.25
[Decoder] 📡 UDP TICK | BANKNIFTYPE60000 | LTP: ₹2381.75
[Decoder] 📡 UDP TICK | BANKNIFTYPE52500 | LTP: ₹11.25
[Decoder] 📡 UDP TICK | NIFTYPE25000 | LTP: ₹885.95
[Feed Decoder] 📤 Published Chain | Symbol: NIFTY | Expiry: 28-JUL-26 | synthetic_future: ₹24098.3 | actual_atm: 24100 | strikes: 236
[Feed Decoder] 📤 Published Chain | Symbol: BANKNIFTY | Expiry: 28-JUL-26 | synthetic_future: ₹57745.9 | actual_atm: 57700 | strikes: 357
[Feed Decoder] 📤 Published Chain | Symbol: FINNIFTY | Expiry: 28-JUL-26 | synthetic_future: ₹26648.1 | actual_atm: 26600 | strikes: 150
[Feed Decoder] 📤 Published Chain | Symbol: MIDCPNIFTY | Expiry: 28-JUL-26 | synthetic_future: ₹14762.5 | actual_atm: 14750 | strikes: 262
[Feed Decoder] 📤 Published Chain | Symbol: SENSEX | Expiry: 16-JUL-2026 | synthetic_future: ₹77269.6 | actual_atm: 77300 | strikes: 165
[Feed Decoder] 📤 Published Chain | Symbol: BANKEX | Expiry: 30-JUL-2026 | synthetic_future: ₹65356.8 | actual_atm: 65400 | strikes: 170
[Decoder] 📡 BSE TICK | SENSEXCE79600 | LTP: ₹93
[Decoder] 📡 UDP TICK | BANKNIFTYPE52500 | LTP: ₹11.25
[Decoder] 📡 UDP TICK | BANKNIFTYPE54400 | LTP: ₹40.35
[Decoder] 📡 UDP TICK | BANKNIFTYCE56900 | LTP: ₹1170.8
[Decoder] 📡 BSE TICK | SENSEXCE78800 | LTP: ₹0.6
[Decoder] 📡 UDP TICK | BANKNIFTYPE56200 | LTP: ₹479.45
[Feed Decoder] 📤 Published Chain | Symbol: NIFTY | Expiry: 28-JUL-26 | synthetic_future: ₹24098.3 | actual_atm: 24100 | strikes: 236
[Feed Decoder] 📤 Published Chain | Symbol: BANKNIFTY | Expiry: 28-JUL-26 | synthetic_future: ₹57743.4 | actual_atm: 57700 | strikes: 357
[Feed Decoder] 📤 Published Chain | Symbol: FINNIFTY | Expiry: 28-JUL-26 | synthetic_future: ₹26648.1 | actual_atm: 26600 | strikes: 150
[Feed Decoder] 📤 Published Chain | Symbol: MIDCPNIFTY | Expiry: 28-JUL-26 | synthetic_future: ₹14762.1 | actual_atm: 14750 | strikes: 262
[Feed Decoder] 📤 Published Chain | Symbol: SENSEX | Expiry: 16-JUL-2026 | synthetic_future: ₹77264.8 | actual_atm: 77300 | strikes: 165
[Feed Decoder] 📤 Published Chain | Symbol: BANKEX | Expiry: 30-JUL-2026 | synthetic_future: ₹65356.8 | actual_atm: 65400 | strikes: 170
[BSE] ❌ Unknown token: 844615
[Decoder] 📡 UDP TICK | BANKNIFTYCE64500 | LTP: ₹0
[Decoder] 📡 UDP TICK | BANKNIFTYPE56600 | LTP: ₹571.75
[Decoder] 📡 BSE TICK | SENSEXCE77300 | LTP: ₹527.1
[Decoder] 📡 UDP TICK | BANKNIFTYPE51900 | LTP: ₹9.4
[Feed Decoder] 📤 Published Chain | Symbol: NIFTY | Expiry: 28-JUL-26 | synthetic_future: ₹24095.8 | actual_atm: 24100 | strikes: 236
[Feed Decoder] 📤 Published Chain | Symbol: BANKNIFTY | Expiry: 28-JUL-26 | synthetic_future: ₹57734.5 | actual_atm: 57700 | strikes: 357
[Feed Decoder] 📤 Published Chain | Symbol: FINNIFTY | Expiry: 28-JUL-26 | synthetic_future: ₹26648.1 | actual_atm: 26600 | strikes: 150
[Feed Decoder] 📤 Published Chain | Symbol: MIDCPNIFTY | Expiry: 28-JUL-26 | synthetic_future: ₹14762.4 | actual_atm: 14750 | strikes: 262
[Feed Decoder] 📤 Published Chain | Symbol: SENSEX | Expiry: 16-JUL-2026 | synthetic_future: ₹77261.6 | actual_atm: 77300 | strikes: 165
[Feed Decoder] 📤 Published Chain | Symbol: BANKEX | Expiry: 30-JUL-2026 | synthetic_future: ₹65356.8 | actual_atm: 65400 | strikes: 170
[Decoder] 📡 UDP TICK | FINNIFTYPE26200 | LTP: ₹146.55
[Decoder] 📡 UDP TICK | NIFTYPE26000 | LTP: ₹1900
[Decoder] 📡 BSE TICK | SENSEXCE79100 | LTP: ₹161.05
[Decoder] 📡 UDP TICK | BANKNIFTYPE55400 | LTP: ₹92.25
[Decoder] 📡 UDP TICK | NIFTYPE23750 | LTP: ₹224
[Feed Decoder] 📤 Published Chain | Symbol: NIFTY | Expiry: 28-JUL-26 | synthetic_future: ₹24097.3 | actual_atm: 24100 | strikes: 236
[Feed Decoder] 📤 Published Chain | Symbol: BANKNIFTY | Expiry: 28-JUL-26 | synthetic_future: ₹57734.5 | actual_atm: 57700 | strikes: 357
[Feed Decoder] 📤 Published Chain | Symbol: FINNIFTY | Expiry: 28-JUL-26 | synthetic_future: ₹26648.1 | actual_atm: 26600 | strikes: 150
[Feed Decoder] 📤 Published Chain | Symbol: MIDCPNIFTY | Expiry: 28-JUL-26 | synthetic_future: ₹14762.4 | actual_atm: 14750 | strikes: 262
[Feed Decoder] 📤 Published Chain | Symbol: SENSEX | Expiry: 16-JUL-2026 | synthetic_future: ₹77264.9 | actual_atm: 77300 | strikes: 165
[Feed Decoder] 📤 Published Chain | Symbol: BANKEX | Expiry: 30-JUL-2026 | synthetic_future: ₹65356.8 | actual_atm: 65400 | strikes: 170
[Decoder] 📡 UDP TICK | BANKNIFTYCE55500 | LTP: ₹2826.3
[Decoder] 📡 BSE TICK | SENSEXCE74200 | LTP: ₹0
[Decoder] 📡 UDP TICK | NIFTYCE24000 | LTP: ₹732
[Decoder] 📡 UDP TICK | BANKNIFTYPE59600 | LTP: ₹1937.75
[Feed Decoder] 📤 Published Chain | Symbol: NIFTY | Expiry: 28-JUL-26 | synthetic_future: ₹24096.7 | actual_atm: 24100 | strikes: 236
[Feed Decoder] 📤 Published Chain | Symbol: BANKNIFTY | Expiry: 28-JUL-26 | synthetic_future: ₹57739.1 | actual_atm: 57700 | strikes: 357
[Feed Decoder] 📤 Published Chain | Symbol: FINNIFTY | Expiry: 28-JUL-26 | synthetic_future: ₹26648.1 | actual_atm: 26600 | strikes: 150
[Feed Decoder] 📤 Published Chain | Symbol: MIDCPNIFTY | Expiry: 28-JUL-26 | synthetic_future: ₹14765 | actual_atm: 14775 | strikes: 262
[Feed Decoder] 📤 Published Chain | Symbol: SENSEX | Expiry: 16-JUL-2026 | synthetic_future: ₹77266.8 | actual_atm: 77300 | strikes: 165
[Feed Decoder] 📤 Published Chain | Symbol: BANKEX | Expiry: 30-JUL-2026 | synthetic_future: ₹65356.8 | actual_atm: 65400 | strikes: 170
[Decoder] 📡 UDP TICK | BANKNIFTYPE59600 | LTP: ₹1937.75
[Decoder] 📡 UDP TICK | NIFTYPE21500 | LTP: ₹3.25
[Decoder] 📡 BSE TICK | SENSEXCE81500 | LTP: ₹18
[Decoder] 📡 UDP TICK | FINNIFTYPE26200 | LTP: ₹146.55
[Decoder] 📡 UDP TICK | BANKNIFTYPE57200 | LTP: ₹761.7
[Feed Decoder] 📤 Published Chain | Symbol: NIFTY | Expiry: 28-JUL-26 | synthetic_future: ₹24099.8 | actual_atm: 24100 | strikes: 236
[Feed Decoder] 📤 Published Chain | Symbol: BANKNIFTY | Expiry: 28-JUL-26 | synthetic_future: ₹57742.7 | actual_atm: 57700 | strikes: 357
[Feed Decoder] 📤 Published Chain | Symbol: FINNIFTY | Expiry: 28-JUL-26 | synthetic_future: ₹26648.1 | actual_atm: 26600 | strikes: 150
[Feed Decoder] 📤 Published Chain | Symbol: MIDCPNIFTY | Expiry: 28-JUL-26 | synthetic_future: ₹14764.8 | actual_atm: 14775 | strikes: 262
[Feed Decoder] 📤 Published Chain | Symbol: SENSEX | Expiry: 16-JUL-2026 | synthetic_future: ₹77272.1 | actual_atm: 77300 | strikes: 165
[Feed Decoder] 📤 Published Chain | Symbol: BANKEX | Expiry: 30-JUL-2026 | synthetic_future: ₹65356.8 | actual_atm: 65400 | strikes: 170
[Decoder] 📡 UDP TICK | BANKNIFTYPE59500 | LTP: ₹1921.4
[Decoder] 📡 BSE TICK | SENSEXPE76800 | LTP: ₹2.2
[Decoder] 📡 UDP TICK | MIDCPNIFTYPE14225 | LTP: ₹24.05
[Decoder] 📡 UDP TICK | MIDCPNIFTYPE14775 | LTP: ₹164.65
[Feed Decoder] 📤 Published Chain | Symbol: NIFTY | Expiry: 28-JUL-26 | synthetic_future: ₹24098.6 | actual_atm: 24100 | strikes: 236
[Feed Decoder] 📤 Published Chain | Symbol: BANKNIFTY | Expiry: 28-JUL-26 | synthetic_future: ₹57741.8 | actual_atm: 57700 | strikes: 357
[Feed Decoder] 📤 Published Chain | Symbol: FINNIFTY | Expiry: 28-JUL-26 | synthetic_future: ₹26646 | actual_atm: 26600 | strikes: 150
[Feed Decoder] 📤 Published Chain | Symbol: MIDCPNIFTY | Expiry: 28-JUL-26 | synthetic_future: ₹14764.8 | actual_atm: 14775 | strikes: 262
[Feed Decoder] 📤 Published Chain | Symbol: SENSEX | Expiry: 16-JUL-2026 | synthetic_future: ₹77273.3 | actual_atm: 77300 | strikes: 165
[Feed Decoder] 📤 Published Chain | Symbol: BANKEX | Expiry: 30-JUL-2026 | synthetic_future: ₹65356.8 | actual_atm: 65400 | strikes: 170
[Decoder] 📡 UDP TICK | MIDCPNIFTYCE14500 | LTP: ₹493.65
[Decoder] 📡 UDP TICK | FINNIFTYCE23500 | LTP: ₹0
[Decoder] 📡 BSE TICK | SENSEXPE78100 | LTP: ₹0
[Decoder] 📡 UDP TICK | MIDCPNIFTYCE12700 | LTP: ₹0
[Decoder] 📡 UDP TICK | NIFTYCE24700 | LTP: ₹181.5
[Feed Decoder] 📤 Published Chain | Symbol: NIFTY | Expiry: 28-JUL-26 | synthetic_future: ₹24100.2 | actual_atm: 24100 | strikes: 236
[Feed Decoder] 📤 Published Chain | Symbol: BANKNIFTY | Expiry: 28-JUL-26 | synthetic_future: ₹57743.2 | actual_atm: 57700 | strikes: 357
[Feed Decoder] 📤 Published Chain | Symbol: FINNIFTY | Expiry: 28-JUL-26 | synthetic_future: ₹26646 | actual_atm: 26600 | strikes: 150
[Feed Decoder] 📤 Published Chain | Symbol: MIDCPNIFTY | Expiry: 28-JUL-26 | synthetic_future: ₹14764.8 | actual_atm: 14775 | strikes: 262
[Feed Decoder] 📤 Published Chain | Symbol: SENSEX | Expiry: 16-JUL-2026 | synthetic_future: ₹77273.4 | actual_atm: 77300 | strikes: 165
[Feed Decoder] 📤 Published Chain | Symbol: BANKEX | Expiry: 30-JUL-2026 | synthetic_future: ₹65356.8 | actual_atm: 65400 | strikes: 170
[Decoder] 📡 BSE TICK | SENSEXCE78800 | LTP: ₹0
[Decoder] 📡 UDP TICK | NIFTYCE26000 | LTP: ₹1826
[Decoder] 📡 BSE TICK | SENSEXCE75500 | LTP: ₹1875
[Decoder] 📡 UDP TICK | BANKNIFTYCE61000 | LTP: ₹172.1
[BSE] ❌ Unknown token: 0
[Decoder] 📡 UDP TICK | BANKNIFTYCE54900 | LTP: ₹3426
[Decoder] 📡 BSE TICK | SENSEXPE72500 | LTP: ₹0.1
[Feed Decoder] 📤 Published Chain | Symbol: NIFTY | Expiry: 28-JUL-26 | synthetic_future: ₹24098.8 | actual_atm: 24100 | strikes: 236
[Feed Decoder] 📤 Published Chain | Symbol: BANKNIFTY | Expiry: 28-JUL-26 | synthetic_future: ₹57739.2 | actual_atm: 57700 | strikes: 357
[Feed Decoder] 📤 Published Chain | Symbol: FINNIFTY | Expiry: 28-JUL-26 | synthetic_future: ₹26646 | actual_atm: 26600 | strikes: 150
[Feed Decoder] 📤 Published Chain | Symbol: MIDCPNIFTY | Expiry: 28-JUL-26 | synthetic_future: ₹14763.9 | actual_atm: 14775 | strikes: 262
[Feed Decoder] 📤 Published Chain | Symbol: SENSEX | Expiry: 16-JUL-2026 | synthetic_future: ₹77272.1 | actual_atm: 77300 | strikes: 165
[Feed Decoder] 📤 Published Chain | Symbol: BANKEX | Expiry: 30-JUL-2026 | synthetic_future: ₹65356.8 | actual_atm: 65400 | strikes: 170
[Decoder] 📡 UDP TICK | FINNIFTYPE26400 | LTP: ₹202.1
[Decoder] 📡 UDP TICK | NIFTYPE24250 | LTP: ₹291.5
[Decoder] 📡 BSE TICK | SENSEXCE72500 | LTP: ₹4760.4
[Decoder] 📡 UDP TICK | BANKNIFTYCE55800 | LTP: ₹2175
[Decoder] 📡 BSE TICK | SENSEXPE73900 | LTP: ₹0.35
[Feed Decoder] 📤 Published Chain | Symbol: NIFTY | Expiry: 28-JUL-26 | synthetic_future: ₹24099.6 | actual_atm: 24100 | strikes: 236
[Feed Decoder] 📤 Published Chain | Symbol: BANKNIFTY | Expiry: 28-JUL-26 | synthetic_future: ₹57740.6 | actual_atm: 57700 | strikes: 357
[Feed Decoder] 📤 Published Chain | Symbol: FINNIFTY | Expiry: 28-JUL-26 | synthetic_future: ₹26646 | actual_atm: 26600 | strikes: 150
[Feed Decoder] 📤 Published Chain | Symbol: MIDCPNIFTY | Expiry: 28-JUL-26 | synthetic_future: ₹14764.6 | actual_atm: 14775 | strikes: 262
[Feed Decoder] 📤 Published Chain | Symbol: SENSEX | Expiry: 16-JUL-2026 | synthetic_future: ₹77273.8 | actual_atm: 77300 | strikes: 165
[Feed Decoder] 📤 Published Chain | Symbol: BANKEX | Expiry: 30-JUL-2026 | synthetic_future: ₹65356.8 | actual_atm: 65400 | strikes: 170
[Decoder] 📡 UDP TICK | BANKNIFTYCE54200 | LTP: ₹3717.4
[Decoder] 📡 UDP TICK | NIFTYPE23100 | LTP: ₹90.05
[Decoder] 📡 BSE TICK | SENSEXPE80000 | LTP: ₹2730
[Decoder] 📡 UDP TICK | NIFTYPE24000 | LTP: ₹166.6
[Decoder] 📡 UDP TICK | MIDCPNIFTYCE14600 | LTP: ₹416.5
[Decoder] 📡 BSE TICK | SENSEXCE78600 | LTP: ₹110.55
[Feed Decoder] 📤 Published Chain | Symbol: NIFTY | Expiry: 28-JUL-26 | synthetic_future: ₹24099.5 | actual_atm: 24100 | strikes: 236
[Feed Decoder] 📤 Published Chain | Symbol: BANKNIFTY | Expiry: 28-JUL-26 | synthetic_future: ₹57740.6 | actual_atm: 57700 | strikes: 357
[Feed Decoder] 📤 Published Chain | Symbol: FINNIFTY | Expiry: 28-JUL-26 | synthetic_future: ₹26646 | actual_atm: 26600 | strikes: 150
[Feed Decoder] 📤 Published Chain | Symbol: MIDCPNIFTY | Expiry: 28-JUL-26 | synthetic_future: ₹14764.2 | actual_atm: 14775 | strikes: 262
[Feed Decoder] 📤 Published Chain | Symbol: SENSEX | Expiry: 16-JUL-2026 | synthetic_future: ₹77276.4 | actual_atm: 77300 | strikes: 165
[Feed Decoder] 📤 Published Chain | Symbol: BANKEX | Expiry: 30-JUL-2026 | synthetic_future: ₹65356.8 | actual_atm: 65400 | strikes: 170
[Decoder] 📡 UDP TICK | BANKNIFTYCE57600 | LTP: ₹728.85
[Decoder] 📡 BSE TICK | FOCITCE37000 | LTP: ₹154.6
[Decoder] 📡 UDP TICK | BANKNIFTYCE61500 | LTP: ₹394.9
[Decoder] 📡 UDP TICK | MIDCPNIFTYPE14250 | LTP: ₹27.4
[Decoder] 📡 BSE TICK | SENSEXCE79300 | LTP: ₹140.85
[Feed Decoder] 📤 Published Chain | Symbol: NIFTY | Expiry: 28-JUL-26 | synthetic_future: ₹24099.5 | actual_atm: 24100 | strikes: 236
[Feed Decoder] 📤 Published Chain | Symbol: BANKNIFTY | Expiry: 28-JUL-26 | synthetic_future: ₹57741.2 | actual_atm: 57700 | strikes: 357
[Feed Decoder] 📤 Published Chain | Symbol: FINNIFTY | Expiry: 28-JUL-26 | synthetic_future: ₹26646 | actual_atm: 26600 | strikes: 150
[Feed Decoder] 📤 Published Chain | Symbol: MIDCPNIFTY | Expiry: 28-JUL-26 | synthetic_future: ₹14764.2 | actual_atm: 14775 | strikes: 262
[Feed Decoder] 📤 Published Chain | Symbol: SENSEX | Expiry: 16-JUL-2026 | synthetic_future: ₹77272.9 | actual_atm: 77300 | strikes: 165
[Feed Decoder] 📤 Published Chain | Symbol: BANKEX | Expiry: 30-JUL-2026 | synthetic_future: ₹65356.8 | actual_atm: 65400 | strikes: 170
[Decoder] 📡 UDP TICK | BANKNIFTYPE55500 | LTP: ₹328.2
[Decoder] 📡 BSE TICK | SENSEXPE73000 | LTP: ₹37.05
[Decoder] 📡 UDP TICK | BANKNIFTYPE55600 | LTP: ₹109.4
[Decoder] 📡 UDP TICK | BANKNIFTYCE55700 | LTP: ₹2130
[BSE] ❌ Unknown token: 3090
[Decoder] 📡 BSE TICK | SENSEXPE81000 | LTP: ₹3700
[Decoder] 📡 UDP TICK | NIFTYPE28500 | LTP: ₹4059.7
[Feed Decoder] 📤 Published Chain | Symbol: NIFTY | Expiry: 28-JUL-26 | synthetic_future: ₹24099.5 | actual_atm: 24100 | strikes: 236
[Feed Decoder] 📤 Published Chain | Symbol: BANKNIFTY | Expiry: 28-JUL-26 | synthetic_future: ₹57741.2 | actual_atm: 57700 | strikes: 357
[Feed Decoder] 📤 Published Chain | Symbol: FINNIFTY | Expiry: 28-JUL-26 | synthetic_future: ₹26646 | actual_atm: 26600 | strikes: 150
[Feed Decoder] 📤 Published Chain | Symbol: MIDCPNIFTY | Expiry: 28-JUL-26 | synthetic_future: ₹14764.2 | actual_atm: 14775 | strikes: 262
[Feed Decoder] 📤 Published Chain | Symbol: SENSEX | Expiry: 16-JUL-2026 | synthetic_future: ₹77271.9 | actual_atm: 77300 | strikes: 165
[Feed Decoder] 📤 Published Chain | Symbol: BANKEX | Expiry: 30-JUL-2026 | synthetic_future: ₹65356.8 | actual_atm: 65400 | strikes: 170
[Decoder] 📡 UDP TICK | NIFTYCE24250 | LTP: ₹369
[Decoder] 📡 BSE TICK | SENSEXPE72600 | LTP: ₹10.6
[Decoder] 📡 UDP TICK | NIFTYPE22750 | LTP: ₹8.1
[Decoder] 📡 BSE TICK | SENSEXPE78100 | LTP: ₹1020
[Decoder] 📡 UDP TICK | MIDCPNIFTYPE14075 | LTP: ₹16.6
[Feed Decoder] 📤 Published Chain | Symbol: NIFTY | Expiry: 28-JUL-26 | synthetic_future: ₹24099.8 | actual_atm: 24100 | strikes: 236
[Feed Decoder] 📤 Published Chain | Symbol: BANKNIFTY | Expiry: 28-JUL-26 | synthetic_future: ₹57741.2 | actual_atm: 57700 | strikes: 357
[Feed Decoder] 📤 Published Chain | Symbol: FINNIFTY | Expiry: 28-JUL-26 | synthetic_future: ₹26646 | actual_atm: 26600 | strikes: 150
[Feed Decoder] 📤 Published Chain | Symbol: MIDCPNIFTY | Expiry: 28-JUL-26 | synthetic_future: ₹14764.2 | actual_atm: 14775 | strikes: 262
[Feed Decoder] 📤 Published Chain | Symbol: SENSEX | Expiry: 16-JUL-2026 | synthetic_future: ₹77270.6 | actual_atm: 77300 | strikes: 165
[Feed Decoder] 📤 Published Chain | Symbol: BANKEX | Expiry: 30-JUL-2026 | synthetic_future: ₹65356.8 | actual_atm: 65400 | strikes: 170
[Decoder] 📡 UDP TICK | NIFTYCE28500 | LTP: ₹36.1
[Decoder] 📡 BSE TICK | SENSEXPE79400 | LTP: ₹0
[Decoder] 📡 UDP TICK | MIDCPNIFTYPE14575 | LTP: ₹91.65
[Decoder] 📡 BSE TICK | SENSEXPE73100 | LTP: ₹0.3
[Decoder] 📡 UDP TICK | MIDCPNIFTYCE15700 | LTP: ₹1.8
[Decoder] 📡 UDP TICK | MIDCPNIFTYPE14725 | LTP: ₹141.35
[Feed Decoder] 📤 Published Chain | Symbol: NIFTY | Expiry: 28-JUL-26 | synthetic_future: ₹24099.5 | actual_atm: 24100 | strikes: 236
[Feed Decoder] 📤 Published Chain | Symbol: BANKNIFTY | Expiry: 28-JUL-26 | synthetic_future: ₹57736 | actual_atm: 57700 | strikes: 357
[Feed Decoder] 📤 Published Chain | Symbol: FINNIFTY | Expiry: 28-JUL-26 | synthetic_future: ₹26646 | actual_atm: 26600 | strikes: 150
[Feed Decoder] 📤 Published Chain | Symbol: MIDCPNIFTY | Expiry: 28-JUL-26 | synthetic_future: ₹14766.5 | actual_atm: 14775 | strikes: 262
[Feed Decoder] 📤 Published Chain | Symbol: SENSEX | Expiry: 16-JUL-2026 | synthetic_future: ₹77269.9 | actual_atm: 77300 | strikes: 165
[Feed Decoder] 📤 Published Chain | Symbol: BANKEX | Expiry: 30-JUL-2026 | synthetic_future: ₹65356.8 | actual_atm: 65400 | strikes: 170
[Decoder] 📡 BSE TICK | SENSEXPE77300 | LTP: ₹0
[Decoder] 📡 UDP TICK | FINNIFTYPE26000 | LTP: ₹99.8
[Decoder] 📡 BSE TICK | SENSEXPE73700 | LTP: ₹0
[Decoder] 📡 UDP TICK | NIFTYPE23300 | LTP: ₹26.2
[Decoder] 📡 UDP TICK | BANKNIFTYPE60000 | LTP: ₹2310.05
[Feed Decoder] 📤 Published Chain | Symbol: NIFTY | Expiry: 28-JUL-26 | synthetic_future: ₹24099.5 | actual_atm: 24100 | strikes: 236
[Feed Decoder] 📤 Published Chain | Symbol: BANKNIFTY | Expiry: 28-JUL-26 | synthetic_future: ₹57736.8 | actual_atm: 57700 | strikes: 357
[Feed Decoder] 📤 Published Chain | Symbol: FINNIFTY | Expiry: 28-JUL-26 | synthetic_future: ₹26646 | actual_atm: 26600 | strikes: 150
[Feed Decoder] 📤 Published Chain | Symbol: MIDCPNIFTY | Expiry: 28-JUL-26 | synthetic_future: ₹14767.4 | actual_atm: 14775 | strikes: 262
[Feed Decoder] 📤 Published Chain | Symbol: SENSEX | Expiry: 16-JUL-2026 | synthetic_future: ₹77272.6 | actual_atm: 77300 | strikes: 165
[Feed Decoder] 📤 Published Chain | Symbol: BANKEX | Expiry: 30-JUL-2026 | synthetic_future: ₹65356.8 | actual_atm: 65400 | strikes: 170
[Decoder] 📡 BSE TICK | SENSEXCE80600 | LTP: ₹0.3
[Decoder] 📡 UDP TICK | NIFTYPE24550 | LTP: ₹610
[Decoder] 📡 UDP TICK | BANKNIFTYPE56900 | LTP: ₹650
[Decoder] 📡 BSE TICK | SENSEXPE78400 | LTP: ₹0
[BSE] ❌ Unknown token: 0
[Decoder] 📡 UDP TICK | BANKNIFTYPE61600 | LTP: ₹0
[Feed Decoder] 📤 Published Chain | Symbol: NIFTY | Expiry: 28-JUL-26 | synthetic_future: ₹24099.5 | actual_atm: 24100 | strikes: 236
[Feed Decoder] 📤 Published Chain | Symbol: BANKNIFTY | Expiry: 28-JUL-26 | synthetic_future: ₹57736.3 | actual_atm: 57700 | strikes: 357
[Feed Decoder] 📤 Published Chain | Symbol: FINNIFTY | Expiry: 28-JUL-26 | synthetic_future: ₹26646 | actual_atm: 26600 | strikes: 150
[Feed Decoder] 📤 Published Chain | Symbol: MIDCPNIFTY | Expiry: 28-JUL-26 | synthetic_future: ₹14766.9 | actual_atm: 14775 | strikes: 262
[Feed Decoder] 📤 Published Chain | Symbol: SENSEX | Expiry: 16-JUL-2026 | synthetic_future: ₹77272.9 | actual_atm: 77300 | strikes: 165
[Feed Decoder] 📤 Published Chain | Symbol: BANKEX | Expiry: 30-JUL-2026 | synthetic_future: ₹65356.8 | actual_atm: 65400 | strikes: 170
[Decoder] 📡 BSE TICK | SENSEXCE78900 | LTP: ₹0.55
[Decoder] 📡 UDP TICK | MIDCPNIFTYCE14650 | LTP: ₹222.5
[Decoder] 📡 UDP TICK | BANKNIFTYPE61000 | LTP: ₹3275
[Decoder] 📡 BSE TICK | SENSEXPE72700 | LTP: ₹0.25
[Decoder] 📡 UDP TICK | NIFTYPE23200 | LTP: ₹103.9
[Decoder] 📡 BSE TICK | SENSEXPE75100 | LTP: ₹0.55
[Decoder] 📡 UDP TICK | BANKNIFTYCE60500 | LTP: ₹33.75
[Feed Decoder] 📤 Published Chain | Symbol: NIFTY | Expiry: 28-JUL-26 | synthetic_future: ₹24099.5 | actual_atm: 24100 | strikes: 236
[Feed Decoder] 📤 Published Chain | Symbol: BANKNIFTY | Expiry: 28-JUL-26 | synthetic_future: ₹57737.6 | actual_atm: 57700 | strikes: 357
[Feed Decoder] 📤 Published Chain | Symbol: FINNIFTY | Expiry: 28-JUL-26 | synthetic_future: ₹26646 | actual_atm: 26600 | strikes: 150
[Feed Decoder] 📤 Published Chain | Symbol: MIDCPNIFTY | Expiry: 28-JUL-26 | synthetic_future: ₹14766.5 | actual_atm: 14775 | strikes: 262
[Feed Decoder] 📤 Published Chain | Symbol: SENSEX | Expiry: 16-JUL-2026 | synthetic_future: ₹77272.9 | actual_atm: 77300 | strikes: 165
[Feed Decoder] 📤 Published Chain | Symbol: BANKEX | Expiry: 30-JUL-2026 | synthetic_future: ₹65356.8 | actual_atm: 65400 | strikes: 170
[Decoder] 📡 UDP TICK | NIFTYCE24700 | LTP: ₹181.5
[Decoder] 📡 BSE TICK | SENSEXPE77500 | LTP: ₹651.95
[Decoder] 📡 UDP TICK | NIFTYPE23700 | LTP: ₹76.85
[Decoder] 📡 BSE TICK | SENSEXPE77600 | LTP: ₹330.95
[Decoder] 📡 UDP TICK | NIFTYCE23800 | LTP: ₹398.5
[Feed Decoder] 📤 Published Chain | Symbol: NIFTY | Expiry: 28-JUL-26 | synthetic_future: ₹24099.5 | actual_atm: 24100 | strikes: 236
[Feed Decoder] 📤 Published Chain | Symbol: BANKNIFTY | Expiry: 28-JUL-26 | synthetic_future: ₹57736.1 | actual_atm: 57700 | strikes: 357
[Feed Decoder] 📤 Published Chain | Symbol: FINNIFTY | Expiry: 28-JUL-26 | synthetic_future: ₹26646 | actual_atm: 26600 | strikes: 150
[Feed Decoder] 📤 Published Chain | Symbol: MIDCPNIFTY | Expiry: 28-JUL-26 | synthetic_future: ₹14766.5 | actual_atm: 14775 | strikes: 262
[Feed Decoder] 📤 Published Chain | Symbol: SENSEX | Expiry: 16-JUL-2026 | synthetic_future: ₹77275 | actual_atm: 77300 | strikes: 165
[Feed Decoder] 📤 Published Chain | Symbol: BANKEX | Expiry: 30-JUL-2026 | synthetic_future: ₹65356.8 | actual_atm: 65400 | strikes: 170
[Decoder] 📡 UDP TICK | NIFTYNXT50PE74600 | LTP: ₹0
[Decoder] 📡 BSE TICK | SENSEXPE76400 | LTP: ₹232
[Decoder] 📡 UDP TICK | NIFTYPE24300 | LTP: ₹321.3
[Decoder] 📡 UDP TICK | FINNIFTYCE26500 | LTP: ₹385.6
[Decoder] 📡 BSE TICK | SENSEXCE77300 | LTP: ₹527.95
[Decoder] 📡 UDP TICK | MIDCPNIFTYPE14200 | LTP: ₹23.35
[Feed Decoder] 📤 Published Chain | Symbol: NIFTY | Expiry: 28-JUL-26 | synthetic_future: ₹24097.5 | actual_atm: 24100 | strikes: 236
[Feed Decoder] 📤 Published Chain | Symbol: BANKNIFTY | Expiry: 28-JUL-26 | synthetic_future: ₹57736.8 | actual_atm: 57700 | strikes: 357
[Feed Decoder] 📤 Published Chain | Symbol: FINNIFTY | Expiry: 28-JUL-26 | synthetic_future: ₹26646 | actual_atm: 26600 | strikes: 150
[Feed Decoder] 📤 Published Chain | Symbol: MIDCPNIFTY | Expiry: 28-JUL-26 | synthetic_future: ₹14766.5 | actual_atm: 14775 | strikes: 262
[Feed Decoder] 📤 Published Chain | Symbol: SENSEX | Expiry: 16-JUL-2026 | synthetic_future: ₹77273.2 | actual_atm: 77300 | strikes: 165
[Feed Decoder] 📤 Published Chain | Symbol: BANKEX | Expiry: 30-JUL-2026 | synthetic_future: ₹65356.8 | actual_atm: 65400 | strikes: 170
[Decoder] 📡 BSE TICK | SENSEXPE74800 | LTP: ₹41.5
[Decoder] 📡 UDP TICK | MIDCPNIFTYPE14425 | LTP: ₹54.2
[Decoder] 📡 UDP TICK | FINNIFTYCE24700 | LTP: ₹0
[BSE] ❌ Unknown token: 4274028543
[Decoder] 📡 BSE TICK | SENSEXCE77800 | LTP: ₹1.4
[Decoder] 📡 UDP TICK | NIFTYPE23600 | LTP: ₹58.25
[Feed Decoder] 📤 Published Chain | Symbol: NIFTY | Expiry: 28-JUL-26 | synthetic_future: ₹24099.3 | actual_atm: 24100 | strikes: 236
[Feed Decoder] 📤 Published Chain | Symbol: BANKNIFTY | Expiry: 28-JUL-26 | synthetic_future: ₹57740.8 | actual_atm: 57700 | strikes: 357
[Feed Decoder] 📤 Published Chain | Symbol: FINNIFTY | Expiry: 28-JUL-26 | synthetic_future: ₹26646 | actual_atm: 26600 | strikes: 150
[Feed Decoder] 📤 Published Chain | Symbol: MIDCPNIFTY | Expiry: 28-JUL-26 | synthetic_future: ₹14766.5 | actual_atm: 14775 | strikes: 262
[Feed Decoder] 📤 Published Chain | Symbol: SENSEX | Expiry: 16-JUL-2026 | synthetic_future: ₹77272.4 | actual_atm: 77300 | strikes: 165
[Feed Decoder] 📤 Published Chain | Symbol: BANKEX | Expiry: 30-JUL-2026 | synthetic_future: ₹65356.8 | actual_atm: 65400 | strikes: 170
[Decoder] 📡 BSE TICK | SENSEXPE75500 | LTP: ₹85.75
[Decoder] 📡 UDP TICK | NIFTYPE23350 | LTP: ₹29.9
[Decoder] 📡 UDP TICK | MIDCPNIFTYPE15125 | LTP: ₹396.25
[Decoder] 📡 BSE TICK | SENSEXCE78100 | LTP: ₹216.35
[Decoder] 📡 UDP TICK | BANKNIFTYPE54700 | LTP: ₹51.4
[Feed Decoder] 📤 Published Chain | Symbol: NIFTY | Expiry: 28-JUL-26 | synthetic_future: ₹24097.8 | actual_atm: 24100 | strikes: 236
[Feed Decoder] 📤 Published Chain | Symbol: BANKNIFTY | Expiry: 28-JUL-26 | synthetic_future: ₹57741 | actual_atm: 57700 | strikes: 357
[Feed Decoder] 📤 Published Chain | Symbol: FINNIFTY | Expiry: 28-JUL-26 | synthetic_future: ₹26646 | actual_atm: 26600 | strikes: 150
[Feed Decoder] 📤 Published Chain | Symbol: MIDCPNIFTY | Expiry: 28-JUL-26 | synthetic_future: ₹14766.8 | actual_atm: 14775 | strikes: 262
[Feed Decoder] 📤 Published Chain | Symbol: SENSEX | Expiry: 16-JUL-2026 | synthetic_future: ₹77272.3 | actual_atm: 77300 | strikes: 165
[Feed Decoder] 📤 Published Chain | Symbol: BANKEX | Expiry: 30-JUL-2026 | synthetic_future: ₹65356.8 | actual_atm: 65400 | strikes: 170
[Decoder] 📡 BSE TICK | SENSEXPE76700 | LTP: ₹0
[Decoder] 📡 UDP TICK | FINNIFTYCE22800 | LTP: ₹0
[Decoder] 📡 UDP TICK | FINNIFTYCE27200 | LTP: ₹91.85
[Decoder] 📡 BSE TICK | SENSEXPE75700 | LTP: ₹0
[Decoder] 📡 UDP TICK | NIFTYPE24200 | LTP: ₹261.3
[Decoder] 📡 BSE TICK | FOCITCE35500 | LTP: ₹501.3
[Decoder] 📡 UDP TICK | BANKNIFTYPE57200 | LTP: ₹761.7
[Feed Decoder] 📤 Published Chain | Symbol: NIFTY | Expiry: 28-JUL-26 | synthetic_future: ₹24099.3 | actual_atm: 24100 | strikes: 236
[Feed Decoder] 📤 Published Chain | Symbol: BANKNIFTY | Expiry: 28-JUL-26 | synthetic_future: ₹57742.2 | actual_atm: 57700 | strikes: 357
[Feed Decoder] 📤 Published Chain | Symbol: FINNIFTY | Expiry: 28-JUL-26 | synthetic_future: ₹26646 | actual_atm: 26600 | strikes: 150
[Feed Decoder] 📤 Published Chain | Symbol: MIDCPNIFTY | Expiry: 28-JUL-26 | synthetic_future: ₹14766.8 | actual_atm: 14775 | strikes: 262
[Feed Decoder] 📤 Published Chain | Symbol: SENSEX | Expiry: 16-JUL-2026 | synthetic_future: ₹77271.1 | actual_atm: 77300 | strikes: 165
[Feed Decoder] 📤 Published Chain | Symbol: BANKEX | Expiry: 30-JUL-2026 | synthetic_future: ₹65356.8 | actual_atm: 65400 | strikes: 170
[Decoder] 📡 UDP TICK | BANKNIFTYCE53900 | LTP: ₹0
[Decoder] 📡 BSE TICK | SENSEXPE78800 | LTP: ₹1765.8
[Decoder] 📡 UDP TICK | BANKNIFTYCE56500 | LTP: ₹1459.05
[Decoder] 📡 UDP TICK | NIFTYPE22800 | LTP: ₹8.7
[Decoder] 📡 BSE TICK | SENSEXPE75400 | LTP: ₹78.25
[Feed Decoder] 📤 Published Chain | Symbol: NIFTY | Expiry: 28-JUL-26 | synthetic_future: ₹24098.2 | actual_atm: 24100 | strikes: 236
[Feed Decoder] 📤 Published Chain | Symbol: BANKNIFTY | Expiry: 28-JUL-26 | synthetic_future: ₹57740.1 | actual_atm: 57700 | strikes: 357
[Feed Decoder] 📤 Published Chain | Symbol: FINNIFTY | Expiry: 28-JUL-26 | synthetic_future: ₹26646 | actual_atm: 26600 | strikes: 150
[Feed Decoder] 📤 Published Chain | Symbol: MIDCPNIFTY | Expiry: 28-JUL-26 | synthetic_future: ₹14767.8 | actual_atm: 14775 | strikes: 262
[Feed Decoder] 📤 Published Chain | Symbol: SENSEX | Expiry: 16-JUL-2026 | synthetic_future: ₹77274.9 | actual_atm: 77300 | strikes: 165
[Feed Decoder] 📤 Published Chain | Symbol: BANKEX | Expiry: 30-JUL-2026 | synthetic_future: ₹65356.8 | actual_atm: 65400 | strikes: 170
[Decoder] 📡 UDP TICK | NIFTYPE23650 | LTP: ₹67.3
[BSE] ❌ Unknown token: 3952902143
[Decoder] 📡 BSE TICK | SENSEXCE78200 | LTP: ₹0.8
[Decoder] 📡 UDP TICK | MIDCPNIFTYCE14025 | LTP: ₹441
[Decoder] 📡 UDP TICK | NIFTYPE22200 | LTP: ₹4.1
[Decoder] 📡 UDP TICK | FINNIFTYPE27100 | LTP: ₹588.35
[Decoder] 📡 BSE TICK | SENSEXPE77900 | LTP: ₹895.2
[Feed Decoder] 📤 Published Chain | Symbol: NIFTY | Expiry: 28-JUL-26 | synthetic_future: ₹24098.3 | actual_atm: 24100 | strikes: 236
[Feed Decoder] 📤 Published Chain | Symbol: BANKNIFTY | Expiry: 28-JUL-26 | synthetic_future: ₹57740.3 | actual_atm: 57700 | strikes: 357
[Feed Decoder] 📤 Published Chain | Symbol: FINNIFTY | Expiry: 28-JUL-26 | synthetic_future: ₹26646 | actual_atm: 26600 | strikes: 150
[Feed Decoder] 📤 Published Chain | Symbol: MIDCPNIFTY | Expiry: 28-JUL-26 | synthetic_future: ₹14768.9 | actual_atm: 14775 | strikes: 262
[Feed Decoder] 📤 Published Chain | Symbol: SENSEX | Expiry: 16-JUL-2026 | synthetic_future: ₹77279.4 | actual_atm: 77300 | strikes: 165
[Feed Decoder] 📤 Published Chain | Symbol: BANKEX | Expiry: 30-JUL-2026 | synthetic_future: ₹65356.8 | actual_atm: 65400 | strikes: 170
[Decoder] 📡 UDP TICK | MIDCPNIFTYCE15300 | LTP: ₹11.45
[Decoder] 📡 BSE TICK | SENSEXPE80500 | LTP: ₹0
[Decoder] 📡 UDP TICK | BANKNIFTYPE54500 | LTP: ₹43.95
[Decoder] 📡 UDP TICK | NIFTYPE22750 | LTP: ₹54.5
[Decoder] 📡 BSE TICK | SENSEXPE73400 | LTP: ₹0.3
[Feed Decoder] 📤 Published Chain | Symbol: NIFTY | Expiry: 28-JUL-26 | synthetic_future: ₹24098.5 | actual_atm: 24100 | strikes: 236
[Feed Decoder] 📤 Published Chain | Symbol: BANKNIFTY | Expiry: 28-JUL-26 | synthetic_future: ₹57740.3 | actual_atm: 57700 | strikes: 357
[Feed Decoder] 📤 Published Chain | Symbol: FINNIFTY | Expiry: 28-JUL-26 | synthetic_future: ₹26646 | actual_atm: 26600 | strikes: 150
[Feed Decoder] 📤 Published Chain | Symbol: MIDCPNIFTY | Expiry: 28-JUL-26 | synthetic_future: ₹14768.1 | actual_atm: 14775 | strikes: 262
[Feed Decoder] 📤 Published Chain | Symbol: SENSEX | Expiry: 16-JUL-2026 | synthetic_future: ₹77278.4 | actual_atm: 77300 | strikes: 165
[Feed Decoder] 📤 Published Chain | Symbol: BANKEX | Expiry: 30-JUL-2026 | synthetic_future: ₹65356.8 | actual_atm: 65400 | strikes: 170
[Decoder] 📡 UDP TICK | NIFTYCE24000 | LTP: ₹264.5
[Decoder] 📡 BSE TICK | SENSEXPE75400 | LTP: ₹0
[Decoder] 📡 UDP TICK | NIFTYCE22500 | LTP: ₹1890
[Decoder] 📡 UDP TICK | BANKNIFTYPE62600 | LTP: ₹0
[Decoder] 📡 BSE TICK | SENSEXCE72500 | LTP: ₹4760.4
[Feed Decoder] 📤 Published Chain | Symbol: NIFTY | Expiry: 28-JUL-26 | synthetic_future: ₹24098.3 | actual_atm: 24100 | strikes: 236
[Feed Decoder] 📤 Published Chain | Symbol: BANKNIFTY | Expiry: 28-JUL-26 | synthetic_future: ₹57736.1 | actual_atm: 57700 | strikes: 357
[Feed Decoder] 📤 Published Chain | Symbol: FINNIFTY | Expiry: 28-JUL-26 | synthetic_future: ₹26646 | actual_atm: 26600 | strikes: 150
[Feed Decoder] 📤 Published Chain | Symbol: MIDCPNIFTY | Expiry: 28-JUL-26 | synthetic_future: ₹14770 | actual_atm: 14775 | strikes: 262
[Feed Decoder] 📤 Published Chain | Symbol: SENSEX | Expiry: 16-JUL-2026 | synthetic_future: ₹77279.9 | actual_atm: 77300 | strikes: 165
[Feed Decoder] 📤 Published Chain | Symbol: BANKEX | Expiry: 30-JUL-2026 | synthetic_future: ₹65356.8 | actual_atm: 65400 | strikes: 170
[Decoder] 📡 UDP TICK | BANKNIFTYCE63500 | LTP: ₹4.55
[Decoder] 📡 BSE TICK | SENSEXCE82200 | LTP: ₹0.3
[Decoder] 📡 UDP TICK | NIFTYCE24000 | LTP: ₹1226.2
[Decoder] 📡 UDP TICK | MIDCPNIFTYCE14900 | LTP: ₹269.9
[Decoder] 📡 BSE TICK | SENSEXCE73800 | LTP: ₹0
[Decoder] 📡 UDP TICK | MIDCPNIFTYPE14900 | LTP: ₹227
[Feed Decoder] 📤 Published Chain | Symbol: NIFTY | Expiry: 28-JUL-26 | synthetic_future: ₹24098.2 | actual_atm: 24100 | strikes: 236
[Feed Decoder] 📤 Published Chain | Symbol: BANKNIFTY | Expiry: 28-JUL-26 | synthetic_future: ₹57740 | actual_atm: 57700 | strikes: 357
[Feed Decoder] 📤 Published Chain | Symbol: FINNIFTY | Expiry: 28-JUL-26 | synthetic_future: ₹26646 | actual_atm: 26600 | strikes: 150
[Feed Decoder] 📤 Published Chain | Symbol: MIDCPNIFTY | Expiry: 28-JUL-26 | synthetic_future: ₹14770 | actual_atm: 14775 | strikes: 262
[Feed Decoder] 📤 Published Chain | Symbol: SENSEX | Expiry: 16-JUL-2026 | synthetic_future: ₹77280.2 | actual_atm: 77300 | strikes: 165
[Feed Decoder] 📤 Published Chain | Symbol: BANKEX | Expiry: 30-JUL-2026 | synthetic_future: ₹65356.8 | actual_atm: 65400 | strikes: 170
[BSE] ❌ Unknown token: 32767
[Decoder] 📡 BSE TICK | SENSEXCE77400 | LTP: ₹17.5
[Decoder] 📡 UDP TICK | MIDCPNIFTYPE14625 | LTP: ₹102.35
[Decoder] 📡 UDP TICK | NIFTYPE25500 | LTP: ₹1254.6
[Decoder] 📡 BSE TICK | SENSEXCE79200 | LTP: ₹0.35
[Decoder] 📡 UDP TICK | MIDCPNIFTYPE14250 | LTP: ₹27.4
[Feed Decoder] 📤 Published Chain | Symbol: NIFTY | Expiry: 28-JUL-26 | synthetic_future: ₹24099.5 | actual_atm: 24100 | strikes: 236
[Feed Decoder] 📤 Published Chain | Symbol: BANKNIFTY | Expiry: 28-JUL-26 | synthetic_future: ₹57742.9 | actual_atm: 57700 | strikes: 357
[Feed Decoder] 📤 Published Chain | Symbol: FINNIFTY | Expiry: 28-JUL-26 | synthetic_future: ₹26646 | actual_atm: 26600 | strikes: 150
[Feed Decoder] 📤 Published Chain | Symbol: MIDCPNIFTY | Expiry: 28-JUL-26 | synthetic_future: ₹14770 | actual_atm: 14775 | strikes: 262
[Feed Decoder] 📤 Published Chain | Symbol: SENSEX | Expiry: 16-JUL-2026 | synthetic_future: ₹77282.8 | actual_atm: 77300 | strikes: 165
[Feed Decoder] 📤 Published Chain | Symbol: BANKEX | Expiry: 30-JUL-2026 | synthetic_future: ₹65356.8 | actual_atm: 65400 | strikes: 170
[Decoder] 📡 UDP TICK | BANKNIFTYPE54400 | LTP: ₹40.35
[Decoder] 📡 BSE TICK | SENSEXCE80300 | LTP: ₹0
[Decoder] 📡 UDP TICK | NIFTYPE22700 | LTP: ₹51.1
[Decoder] 📡 BSE TICK | SENSEXCE79100 | LTP: ₹161.05
[Decoder] 📡 UDP TICK | BANKNIFTYPE52500 | LTP: ₹73.55
[Decoder] 📡 UDP TICK | NIFTYPE26000 | LTP: ₹1465.3
[Feed Decoder] 📤 Published Chain | Symbol: NIFTY | Expiry: 28-JUL-26 | synthetic_future: ₹24100 | actual_atm: 24100 | strikes: 236
[Feed Decoder] 📤 Published Chain | Symbol: BANKNIFTY | Expiry: 28-JUL-26 | synthetic_future: ₹57742.9 | actual_atm: 57700 | strikes: 357
[Feed Decoder] 📤 Published Chain | Symbol: FINNIFTY | Expiry: 28-JUL-26 | synthetic_future: ₹26646 | actual_atm: 26600 | strikes: 150
[Feed Decoder] 📤 Published Chain | Symbol: MIDCPNIFTY | Expiry: 28-JUL-26 | synthetic_future: ₹14770.9 | actual_atm: 14775 | strikes: 262
[Decoder] 📡 BSE TICK | SENSEXPE77600 | LTP: ₹321.65
[Feed Decoder] 📤 Published Chain | Symbol: SENSEX | Expiry: 16-JUL-2026 | synthetic_future: ₹77281.3 | actual_atm: 77300 | strikes: 165
[Feed Decoder] 📤 Published Chain | Symbol: BANKEX | Expiry: 30-JUL-2026 | synthetic_future: ₹65356.8 | actual_atm: 65400 | strikes: 170
[Decoder] 📡 UDP TICK | NIFTYPE21800 | LTP: ₹3.55
[Decoder] 📡 BSE TICK | SENSEXPE79000 | LTP: ₹1769.45
[Decoder] 📡 UDP TICK | BANKNIFTYCE59700 | LTP: ₹0
[Decoder] 📡 UDP TICK | BANKNIFTYCE62000 | LTP: ₹83.6
[Decoder] 📡 BSE TICK | SENSEXPE74800 | LTP: ₹0.45
[Feed Decoder] 📤 Published Chain | Symbol: NIFTY | Expiry: 28-JUL-26 | synthetic_future: ₹24100.3 | actual_atm: 24100 | strikes: 236
[Feed Decoder] 📤 Published Chain | Symbol: BANKNIFTY | Expiry: 28-JUL-26 | synthetic_future: ₹57741.2 | actual_atm: 57700 | strikes: 357
[Feed Decoder] 📤 Published Chain | Symbol: FINNIFTY | Expiry: 28-JUL-26 | synthetic_future: ₹26646 | actual_atm: 26600 | strikes: 150
[Feed Decoder] 📤 Published Chain | Symbol: MIDCPNIFTY | Expiry: 28-JUL-26 | synthetic_future: ₹14771 | actual_atm: 14775 | strikes: 262
[Feed Decoder] 📤 Published Chain | Symbol: SENSEX | Expiry: 16-JUL-2026 | synthetic_future: ₹77280.2 | actual_atm: 77300 | strikes: 165
[Feed Decoder] 📤 Published Chain | Symbol: BANKEX | Expiry: 30-JUL-2026 | synthetic_future: ₹65356.8 | actual_atm: 65400 | strikes: 170
[Decoder] 📡 UDP TICK | NIFTYCE25000 | LTP: ₹103.55
